customer_id,customer_name,city,province,segment_code,annual_income,customer_since,income_band
1.0,François Paquette,Sherbrooke,QC,PREMIUM,110925.0,2019-06-27,HIGH
2.0,Benoît Morin,Trois-Rivières,QC,RETAIL,56713.0,2011-11-03,MID
3.0,Sophie Desjardins,Lévis,QC,RETAIL,72431.0,2015-02-14,MID
4.0,François Leblanc,L'Assomption,QC,RETAIL,52660.0,2010-09-30,MID
5.0,Hélène Bélanger,Saint-Jérôme,QC,PREMIUM,49752.0,2011-11-10,MID
6.0,Noémie Ménard,Québec,QC,STUDENT,36690.0,2014-08-10,MID
7.0,Céline Paquette,Sherbrooke,QC,STUDENT,67181.0,2018-09-22,MID
8.0,Marie-Ève Beauchemin-Laflamme,Saint-Jérôme,QC,RETAIL,35392.0,2018-07-23,MID
9.0,Noémie Bélanger,Saint-Jérôme,QC,RETAIL,75568.0,2012-11-08,MID
10.0,Josée Morin,Sherbrooke,QC,RETAIL,93213.0,2014-08-15,HIGH
11.0,Noémie Gauthier,Rivière-du-Loup,QC,PREMIUM,65073.0,2011-09-07,MID
12.0,Jérôme Girard,Trois-Rivières,QC,RETAIL,46952.0,2018-04-09,MID
13.0,Marc Bergeron,Lévis,QC,PREMIUM,67981.0,2012-09-12,MID
14.0,Sophie Desjardins,Québec,QC,PREMIUM,46428.0,2018-10-04,MID
15.0,Noémie Morin,Gatineau,QC,RETAIL,86489.0,2019-03-23,HIGH
16.0,Olivier Côté,Lévis,QC,RETAIL,21683.0,2017-07-19,MID
17.0,François Pelletier,Trois-Rivières,QC,RETAIL,45807.0,2013-08-13,MID
18.0,Rémi Tremblay,Gatineau,QC,RETAIL,20022.0,2020-06-08,MID
19.0,Rémi Desjardins,Lévis,QC,RETAIL,25654.0,2017-07-07,MID
20.0,Zoé Bergeron,Lévis,QC,PREMIUM,,2017-01-27,UNKNOWN
21.0,Jérôme Paquette,Lévis,QC,RETAIL,84761.0,2019-05-19,HIGH
22.0,Céline Gauthier,Châteauguay,QC,RETAIL,37807.0,2019-08-27,MID
23.0,François Ménard,Québec,QC,PREMIUM,25559.0,2010-11-07,MID
24.0,Sophie Girard,L'Assomption,QC,PRIVATE,12305.0,2019-08-28,LOW
25.0,Benoît Paquette,Montréal,QC,RETAIL,41285.0,2018-05-19,MID
26.0,Marc Gagnon,Trois-Rivières,QC,SME,181717.0,2012-04-06,HIGH
27.0,Mathieu Lévesque,Gatineau,QC,STUDENT,67335.0,2013-05-15,MID
28.0,Olivier Tremblay,Québec,QC,PREMIUM,40954.0,2018-03-30,MID
29.0,Noémie Gagnon,Gatineau,QC,PREMIUM,68360.0,2012-05-16,MID
30.0,Céline Leblanc,Sherbrooke,QC,RETAIL,24823.0,2014-12-15,MID
31.0,Anaïs Paquette,Gatineau,QC,STUDENT,46692.0,2017-07-18,MID
32.0,Mathieu Ménard,Trois-Rivières,QC,RETAIL,56939.0,2017-02-14,MID
33.0,Sophie Bouchard,Montréal,QC,STUDENT,51894.0,2019-12-19,MID
34.0,Anaïs Gauthier,L'Assomption,QC,PREMIUM,80451.0,2011-03-23,HIGH
35.0,François Lévesque,Trois-Rivières,QC,RETAIL,64365.0,2013-03-26,MID
36.0,Marc Gagnon,L'Assomption,QC,RETAIL,75672.0,2020-10-14,MID
37.0,Olivier Bélanger,Québec,QC,PREMIUM,38400.0,2016-03-25,MID
38.0,Benoît Lévesque,Québec,QC,PREMIUM,84873.0,2012-09-21,HIGH
39.0,Gaëlle Côté,Sherbrooke,QC,RETAIL,122329.0,2013-03-05,HIGH
40.0,André Leblanc,Rivière-du-Loup,QC,PREMIUM,33354.0,2013-09-18,MID
41.0,Anaïs Morin,L'Assomption,QC,SME,34758.0,2016-01-27,MID
42.0,Jérôme Desjardins,Sherbrooke,QC,RETAIL,105651.0,2013-02-12,HIGH
43.0,Émilie Tremblay,Châteauguay,QC,RETAIL,49233.0,2016-10-23,MID
44.0,François Bélanger,Rivière-du-Loup,QC,RETAIL,109306.0,2014-11-17,HIGH
45.0,Chloé Gagnon,Gatineau,QC,PRIVATE,,2016-09-07,UNKNOWN
46.0,Sophie Desjardins,Québec,QC,RETAIL,112142.0,2011-09-13,HIGH
47.0,Josée Gauthier,Québec,QC,SME,57858.0,2016-10-30,MID
48.0,Rémi Bouchard,L'Assomption,QC,RETAIL,61643.0,2020-02-16,MID
49.0,Hélène Leblanc,Châteauguay,QC,PREMIUM,118463.0,2011-06-25,HIGH
50.0,Léa Gagnon,Sherbrooke,QC,RETAIL,45212.0,2013-08-02,MID
51.0,Josée Gagnon,Québec,QC,RETAIL,33841.0,2017-08-06,MID
52.0,Josée Tremblay,Châteauguay,QC,PRIVATE,43292.0,2016-10-05,MID
53.0,Marc Paquette,Châteauguay,QC,RETAIL,67926.0,2017-05-23,MID
54.0,Marc Bergeron,Châteauguay,QC,RETAIL,24763.0,2016-02-17,MID
55.0,Olivier Leblanc,Gatineau,QC,STUDENT,74513.0,2017-06-23,MID
56.0,Zoé Paquette,Rivière-du-Loup,QC,STUDENT,41383.0,2016-09-03,MID
57.0,André Morin,Rivière-du-Loup,QC,SME,96173.0,2010-10-24,HIGH
58.0,Noémie Pelletier,Sherbrooke,QC,RETAIL,16365.0,2018-03-25,LOW
59.0,Émilie Gagnon,Châteauguay,QC,PREMIUM,36560.0,2014-11-23,MID
60.0,Hélène Bélanger,Rivière-du-Loup,QC,SME,23313.0,2010-07-25,MID
61.0,Sophie Leblanc,Saint-Jérôme,QC,RETAIL,35842.0,2014-06-25,MID
62.0,Benoît Lévesque,Saint-Jérôme,QC,RETAIL,61318.0,2014-10-07,MID
63.0,Rémi Pelletier,Sherbrooke,QC,SME,49533.0,2010-12-13,MID
64.0,François Paquette,Sherbrooke,QC,RETAIL,47730.0,2020-11-28,MID
65.0,André Bergeron,Rivière-du-Loup,QC,PREMIUM,50031.0,2012-06-08,MID
66.0,André Pelletier,Saint-Jérôme,QC,STUDENT,59976.0,2013-08-15,MID
67.0,François Pelletier,Gatineau,QC,PREMIUM,32720.0,2014-10-30,MID
68.0,Marc Bouchard,Sherbrooke,QC,RETAIL,77144.0,2019-02-13,MID
69.0,Léa Tremblay,Châteauguay,QC,RETAIL,75458.0,2018-02-19,MID
70.0,Gaëlle Morin,Trois-Rivières,QC,RETAIL,65678.0,2018-06-11,MID
71.0,Luc Côté,Gatineau,QC,RETAIL,71558.0,2012-08-06,MID
72.0,Zoé Morin,Montréal,QC,PRIVATE,62831.0,2019-04-05,MID
73.0,Luc Desjardins,Trois-Rivières,QC,SME,149872.0,2019-02-01,HIGH
74.0,Émilie Côté,Sherbrooke,QC,RETAIL,51868.0,2015-01-30,MID
75.0,Josée Tremblay,Rivière-du-Loup,QC,RETAIL,46465.0,2015-12-24,MID
76.0,Rémi Bouchard,Saint-Jérôme,QC,SME,37169.0,2010-05-29,MID
77.0,Anaïs Bouchard,Trois-Rivières,QC,RETAIL,32334.0,2018-04-30,MID
78.0,Sophie Bergeron,Lévis,QC,RETAIL,29079.0,2020-07-10,MID
79.0,Chloé Pelletier,Gatineau,QC,RETAIL,34738.0,2015-03-06,MID
80.0,Noémie Paquette,Saint-Jérôme,QC,PREMIUM,52295.0,2015-12-03,MID
81.0,Luc Bergeron,Montréal,QC,RETAIL,64033.0,2015-06-20,MID
82.0,Sophie Morin,Saint-Jérôme,QC,PREMIUM,55580.0,2010-11-27,MID
83.0,Sophie Desjardins,Lévis,QC,RETAIL,36947.0,2016-10-14,MID
84.0,Gaëlle Gagnon,Sherbrooke,QC,PREMIUM,84973.0,2017-11-25,HIGH
85.0,Gaëlle Tremblay,L'Assomption,QC,RETAIL,78410.0,2020-02-29,MID
86.0,Chloé Bélanger,Rivière-du-Loup,QC,RETAIL,50020.0,2020-03-08,MID
87.0,Marc Leblanc,Gatineau,QC,RETAIL,,2015-05-22,UNKNOWN
88.0,Benoît Morin,Trois-Rivières,QC,RETAIL,71269.0,2020-07-02,MID
89.0,Céline Gagnon,Lévis,QC,RETAIL,59515.0,2015-10-16,MID
90.0,Anaïs Lévesque,Québec,QC,RETAIL,26264.0,2017-01-12,MID
91.0,Anaïs Gagnon,Rivière-du-Loup,QC,RETAIL,52366.0,2016-08-04,MID
92.0,Olivier Leblanc,L'Assomption,QC,RETAIL,61760.0,2020-12-08,MID
93.0,Olivier Morin,L'Assomption,QC,STUDENT,34550.0,2018-01-29,MID
94.0,Jérôme Gauthier,Trois-Rivières,QC,RETAIL,59571.0,2011-04-26,MID
95.0,Hélène Bouchard,Trois-Rivières,QC,SME,26176.0,2010-10-15,MID
96.0,Benoît Bergeron,L'Assomption,QC,STUDENT,105672.0,2014-06-28,HIGH
97.0,Léa Gauthier,Saint-Jérôme,QC,RETAIL,101111.0,2015-08-25,HIGH
98.0,Luc Bélanger,Sherbrooke,QC,PREMIUM,47750.0,2017-04-28,MID
99.0,Gaëlle Bélanger,Lévis,QC,SME,64973.0,2015-04-11,MID
100.0,Gaëlle Ménard,Lévis,QC,PREMIUM,16237.0,2015-08-21,LOW
101.0,Mathieu Girard,Gatineau,QC,RETAIL,30389.0,2020-02-04,MID
102.0,Olivier Leblanc,L'Assomption,QC,RETAIL,46775.0,2013-09-01,MID
103.0,Olivier Côté,Trois-Rivières,QC,RETAIL,31696.0,2015-05-29,MID
104.0,Marc Ménard,L'Assomption,QC,RETAIL,77435.0,2016-02-08,MID
105.0,Zoé Paquette,Châteauguay,QC,STUDENT,147068.0,2015-02-17,HIGH
106.0,Zoé Leblanc,Lévis,QC,STUDENT,30082.0,2020-08-08,MID
107.0,Marc Morin,Rivière-du-Loup,QC,RETAIL,35642.0,2020-07-15,MID
108.0,Céline Bouchard,Rivière-du-Loup,QC,PREMIUM,60945.0,2015-08-15,MID
109.0,François Bélanger,Rivière-du-Loup,QC,RETAIL,121244.0,2014-12-08,HIGH
110.0,Sophie Girard,Trois-Rivières,QC,STUDENT,29402.0,2016-06-13,MID
111.0,Chloé Morin,L'Assomption,QC,RETAIL,61360.0,2011-12-25,MID
112.0,Céline Côté,Rivière-du-Loup,QC,STUDENT,134679.0,2014-08-31,HIGH
113.0,Céline Bouchard,Rivière-du-Loup,QC,SME,23721.0,2012-05-17,MID
114.0,Josée Pelletier,Montréal,QC,RETAIL,28552.0,2011-07-31,MID
115.0,Noémie Gagnon,Sherbrooke,QC,RETAIL,43835.0,2011-01-16,MID
116.0,Olivier Desjardins,Rivière-du-Loup,QC,SME,41760.0,2016-06-06,MID
117.0,Émilie Paquette,Sherbrooke,QC,RETAIL,81332.0,2010-01-03,HIGH
118.0,Olivier Leblanc,Châteauguay,QC,RETAIL,61134.0,2017-01-28,MID
119.0,Benoît Morin,Sherbrooke,QC,STUDENT,22304.0,2014-09-24,MID
120.0,Gaëlle Bergeron,Québec,QC,PREMIUM,70102.0,2014-01-05,MID
121.0,Chloé Pelletier,Lévis,QC,RETAIL,40588.0,2018-06-04,MID
122.0,François Bergeron,Gatineau,QC,RETAIL,102460.0,2015-11-25,HIGH
123.0,Léa Bélanger,Lévis,QC,RETAIL,39585.0,2018-01-12,MID
124.0,Marc Morin,Gatineau,QC,STUDENT,39407.0,2017-10-08,MID
125.0,Marc Tremblay,Châteauguay,QC,RETAIL,71009.0,2010-05-09,MID
126.0,Jérôme Lévesque,Gatineau,QC,RETAIL,79337.0,2012-05-11,MID
127.0,Jérôme Bouchard,Gatineau,QC,RETAIL,67782.0,2016-03-29,MID
128.0,Benoît Gagnon,Gatineau,QC,STUDENT,23323.0,2020-09-07,MID
129.0,Benoît Bélanger,Châteauguay,QC,RETAIL,70899.0,2011-09-10,MID
130.0,Jérôme Pelletier,Trois-Rivières,QC,SME,32301.0,2011-02-27,MID
131.0,Marc Gagnon,Châteauguay,QC,PREMIUM,60940.0,2020-04-22,MID
132.0,Zoé Girard,Lévis,QC,SME,26586.0,2020-08-03,MID
133.0,Luc Pelletier,Saint-Jérôme,QC,STUDENT,67722.0,2011-11-01,MID
134.0,Sophie Gauthier,Trois-Rivières,QC,SME,36196.0,2014-05-26,MID
135.0,Léa Pelletier,Lévis,QC,STUDENT,28529.0,2016-11-11,MID
136.0,Zoé Tremblay,Châteauguay,QC,RETAIL,77413.0,2012-02-20,MID
137.0,Jérôme Ménard,Châteauguay,QC,PRIVATE,61134.0,2013-07-28,MID
138.0,Sophie Lévesque,Gatineau,QC,RETAIL,39855.0,2014-05-01,MID
139.0,Olivier Paquette,L'Assomption,QC,RETAIL,111926.0,2017-01-10,HIGH
140.0,François Bélanger,Châteauguay,QC,SME,43463.0,2013-05-17,MID
141.0,Zoé Lévesque,L'Assomption,QC,STUDENT,55053.0,2014-07-08,MID
142.0,Benoît Lévesque,Saint-Jérôme,QC,PREMIUM,61973.0,2013-03-04,MID
143.0,Sophie Ménard,Québec,QC,RETAIL,39742.0,2018-04-27,MID
144.0,Jérôme Pelletier,Trois-Rivières,QC,RETAIL,68567.0,2011-09-05,MID
145.0,Noémie Lévesque,Montréal,QC,RETAIL,,2012-07-11,UNKNOWN
146.0,Josée Bouchard,Montréal,QC,RETAIL,44098.0,2012-09-26,MID
147.0,Luc Bouchard,Trois-Rivières,QC,RETAIL,107079.0,2019-12-03,HIGH
148.0,Noémie Lévesque,Lévis,QC,RETAIL,32200.0,2020-05-05,MID
149.0,Josée Morin,Sherbrooke,QC,RETAIL,16214.0,2015-06-24,LOW
150.0,Zoé Tremblay,Québec,QC,PRIVATE,121233.0,2011-09-18,HIGH
151.0,Mathieu Desjardins,L'Assomption,QC,RETAIL,193816.0,2018-04-13,HIGH
152.0,Émilie Girard,Châteauguay,QC,STUDENT,44239.0,2015-05-23,MID
153.0,Noémie Gagnon,Québec,QC,PREMIUM,20570.0,2019-04-22,MID
154.0,Gaëlle Pelletier,Gatineau,QC,RETAIL,46386.0,2013-12-10,MID
155.0,Gaëlle Bélanger,Sherbrooke,QC,RETAIL,46952.0,2020-12-09,MID
156.0,Benoît Leblanc,Gatineau,QC,RETAIL,49268.0,2018-11-03,MID
157.0,Chloé Bouchard,Québec,QC,STUDENT,31049.0,2012-06-14,MID
158.0,Hélène Bergeron,Québec,QC,RETAIL,72387.0,2017-12-12,MID
159.0,Céline Leblanc,Trois-Rivières,QC,RETAIL,70421.0,2013-02-21,MID
160.0,Anaïs Paquette,Lévis,QC,STUDENT,25663.0,2013-10-31,MID
161.0,Gaëlle Bélanger,Rivière-du-Loup,QC,STUDENT,76849.0,2012-09-28,MID
162.0,Léa Girard,Châteauguay,QC,RETAIL,151198.0,2017-06-21,HIGH
163.0,Luc Côté,Québec,QC,RETAIL,59041.0,2012-11-17,MID
164.0,Hélène Tremblay,Rivière-du-Loup,QC,RETAIL,45768.0,2016-12-30,MID
165.0,Chloé Pelletier,Québec,QC,RETAIL,50463.0,2016-05-18,MID
166.0,Noémie Gauthier,Montréal,QC,RETAIL,73690.0,2018-03-23,MID
167.0,Gaëlle Desjardins,Lévis,QC,PREMIUM,,2020-11-18,UNKNOWN
168.0,Olivier Desjardins,Lévis,QC,STUDENT,58818.0,2010-02-05,MID
169.0,Luc Bouchard,Gatineau,QC,RETAIL,44568.0,2020-11-05,MID
170.0,Hélène Ménard,L'Assomption,QC,PREMIUM,136477.0,2011-03-14,HIGH
171.0,Léa Bouchard,Rivière-du-Loup,QC,RETAIL,49658.0,2015-10-09,MID
172.0,Léa Lévesque,Châteauguay,QC,SME,124735.0,2013-09-25,HIGH
173.0,Anaïs Côté,Rivière-du-Loup,QC,PREMIUM,31199.0,2016-12-31,MID
174.0,Luc Ménard,Gatineau,QC,SME,72666.0,2017-11-26,MID
175.0,Jérôme Gagnon,Montréal,QC,STUDENT,63557.0,2019-06-02,MID
176.0,Noémie Tremblay,Rivière-du-Loup,QC,RETAIL,35083.0,2014-05-27,MID
177.0,Zoé Morin,Québec,QC,RETAIL,59201.0,2020-03-20,MID
178.0,Luc Ménard,Saint-Jérôme,QC,RETAIL,99336.0,2013-07-13,HIGH
179.0,Jérôme Girard,Sherbrooke,QC,RETAIL,46079.0,2012-03-26,MID
180.0,François Paquette,Châteauguay,QC,STUDENT,23249.0,2014-02-25,MID
181.0,Josée Girard,Châteauguay,QC,RETAIL,53703.0,2015-10-16,MID
182.0,Hélène Girard,Lévis,QC,PRIVATE,34503.0,2017-04-26,MID
183.0,Chloé Lévesque,L'Assomption,QC,RETAIL,45653.0,2019-02-14,MID
184.0,Olivier Bouchard,Châteauguay,QC,RETAIL,52011.0,2012-06-18,MID
185.0,Émilie Paquette,Gatineau,QC,RETAIL,23090.0,2013-04-27,MID
186.0,Gaëlle Bergeron,Lévis,QC,PREMIUM,24153.0,2020-04-12,MID
187.0,Sophie Gauthier,Québec,QC,PREMIUM,68943.0,2014-10-26,MID
188.0,Rémi Bélanger,Sherbrooke,QC,RETAIL,41716.0,2012-08-24,MID
189.0,Céline Paquette,L'Assomption,QC,RETAIL,15027.0,2020-10-17,LOW
190.0,Mathieu Côté,Saint-Jérôme,QC,PREMIUM,80211.0,2014-12-01,HIGH
191.0,Émilie Ménard,Québec,QC,RETAIL,62080.0,2020-10-15,MID
192.0,Anaïs Côté,Québec,QC,STUDENT,37914.0,2020-01-26,MID
193.0,Émilie Bélanger,Lévis,QC,RETAIL,28046.0,2019-12-04,MID
194.0,François Desjardins,Saint-Jérôme,QC,RETAIL,82282.0,2016-05-16,HIGH
195.0,Rémi Gagnon,Saint-Jérôme,QC,RETAIL,64516.0,2018-09-29,MID
196.0,Céline Gagnon,Châteauguay,QC,RETAIL,178314.0,2020-07-09,HIGH
197.0,Mathieu Pelletier,Saint-Jérôme,QC,RETAIL,66842.0,2012-12-12,MID
198.0,Céline Girard,Châteauguay,QC,RETAIL,65766.0,2010-05-31,MID
199.0,Émilie Gagnon,Gatineau,QC,STUDENT,49838.0,2013-07-07,MID
200.0,Zoé Bouchard,Sherbrooke,QC,RETAIL,81502.0,2016-12-22,HIGH
201.0,Luc Paquette,Gatineau,QC,RETAIL,74053.0,2015-12-30,MID
202.0,Gaëlle Ménard,Montréal,QC,RETAIL,101302.0,2010-11-19,HIGH
203.0,Olivier Lévesque,Rivière-du-Loup,QC,RETAIL,41745.0,2016-02-22,MID
204.0,Sophie Gagnon,Montréal,QC,PREMIUM,43578.0,2011-11-29,MID
205.0,Anaïs Tremblay,Rivière-du-Loup,QC,RETAIL,42636.0,2015-07-16,MID
206.0,Jérôme Côté,Montréal,QC,PREMIUM,80451.0,2016-04-21,HIGH
207.0,Zoé Bélanger,Saint-Jérôme,QC,RETAIL,114598.0,2016-12-21,HIGH
208.0,Émilie Leblanc,Québec,QC,STUDENT,43070.0,2014-07-09,MID
209.0,Luc Bélanger,Montréal,QC,RETAIL,43810.0,2014-06-22,MID
210.0,Zoé Lévesque,Gatineau,QC,SME,63389.0,2017-06-07,MID
211.0,Anaïs Leblanc,Sherbrooke,QC,RETAIL,47912.0,2018-03-16,MID
212.0,Marc Pelletier,Québec,QC,RETAIL,87206.0,2018-11-05,HIGH
213.0,Sophie Gagnon,Rivière-du-Loup,QC,SME,17573.0,2013-08-27,LOW
214.0,Rémi Desjardins,Trois-Rivières,QC,PREMIUM,35834.0,2014-08-24,MID
215.0,Émilie Leblanc,Trois-Rivières,QC,PRIVATE,36636.0,2013-08-15,MID
216.0,François Paquette,Châteauguay,QC,RETAIL,16981.0,2015-10-12,LOW
217.0,Josée Bélanger,Lévis,QC,PREMIUM,33463.0,2011-05-24,MID
218.0,Sophie Bélanger,Québec,QC,SME,34284.0,2014-09-17,MID
219.0,André Girard,Lévis,QC,PREMIUM,48994.0,2012-01-25,MID
220.0,François Gauthier,Châteauguay,QC,RETAIL,94512.0,2015-10-31,HIGH
221.0,Luc Bouchard,Montréal,QC,PREMIUM,47929.0,2019-04-26,MID
222.0,Chloé Lévesque,Trois-Rivières,QC,PREMIUM,32357.0,2020-10-16,MID
223.0,Noémie Bergeron,Gatineau,QC,STUDENT,52655.0,2014-11-21,MID
224.0,Gaëlle Ménard,Sherbrooke,QC,RETAIL,,2010-08-14,UNKNOWN
225.0,Noémie Bouchard,Trois-Rivières,QC,RETAIL,33257.0,2012-06-30,MID
226.0,Luc Girard,Trois-Rivières,QC,SME,34362.0,2011-02-24,MID
227.0,Olivier Tremblay,Sherbrooke,QC,RETAIL,71630.0,2018-04-26,MID
228.0,André Pelletier,Gatineau,QC,PREMIUM,48496.0,2020-10-13,MID
229.0,Chloé Bergeron,L'Assomption,QC,RETAIL,74888.0,2016-01-25,MID
230.0,Josée Bélanger,Rivière-du-Loup,QC,RETAIL,53808.0,2011-12-09,MID
231.0,Céline Gagnon,L'Assomption,QC,PREMIUM,76944.0,2010-03-26,MID
232.0,Céline Morin,Rivière-du-Loup,QC,RETAIL,32288.0,2020-09-09,MID
233.0,Émilie Ménard,Lévis,QC,RETAIL,53850.0,2013-06-19,MID
234.0,Jérôme Pelletier,Trois-Rivières,QC,PREMIUM,48759.0,2011-03-25,MID
235.0,Jérôme Girard,Trois-Rivières,QC,PREMIUM,29497.0,2011-12-10,MID
236.0,Céline Desjardins,Châteauguay,QC,SME,24792.0,2012-10-18,MID
237.0,Sophie Lévesque,Sherbrooke,QC,RETAIL,76334.0,2017-03-08,MID
238.0,Léa Paquette,Sherbrooke,QC,RETAIL,45457.0,2019-10-08,MID
239.0,Josée Tremblay,L'Assomption,QC,STUDENT,32496.0,2013-01-05,MID
240.0,Benoît Bélanger,Québec,QC,RETAIL,51633.0,2017-07-11,MID
241.0,Zoé Desjardins,Lévis,QC,RETAIL,95226.0,2010-09-17,HIGH
242.0,Zoé Paquette,Châteauguay,QC,RETAIL,17320.0,2010-02-10,LOW
243.0,Olivier Côté,L'Assomption,QC,RETAIL,25634.0,2010-08-08,MID
244.0,Gaëlle Lévesque,Châteauguay,QC,SME,34151.0,2020-02-10,MID
245.0,Marc Bergeron,Québec,QC,PRIVATE,112487.0,2016-05-15,HIGH
246.0,Anaïs Girard,Saint-Jérôme,QC,PREMIUM,62398.0,2018-10-26,MID
247.0,Marc Bergeron,L'Assomption,QC,RETAIL,79512.0,2010-03-28,MID
248.0,Zoé Morin,Rivière-du-Loup,QC,RETAIL,30636.0,2010-03-30,MID
249.0,Chloé Gauthier,Montréal,QC,RETAIL,30953.0,2019-04-19,MID
250.0,Anaïs Morin,Trois-Rivières,QC,RETAIL,67772.0,2011-02-15,MID
251.0,Chloé Bergeron,Québec,QC,RETAIL,55778.0,2011-09-14,MID
252.0,Luc Girard,Trois-Rivières,QC,RETAIL,71280.0,2015-09-07,MID
253.0,Zoé Morin,Saint-Jérôme,QC,RETAIL,49324.0,2016-08-23,MID
254.0,Noémie Côté,Châteauguay,QC,PREMIUM,62260.0,2012-07-04,MID
255.0,Zoé Côté,Montréal,QC,PREMIUM,58633.0,2014-11-14,MID
256.0,Luc Paquette,Saint-Jérôme,QC,RETAIL,,2017-05-23,UNKNOWN
257.0,Josée Desjardins,Montréal,QC,RETAIL,81105.0,2014-11-07,HIGH
258.0,Luc Bélanger,Châteauguay,QC,PRIVATE,24102.0,2014-03-11,MID
259.0,Rémi Tremblay,Montréal,QC,PREMIUM,17613.0,2010-10-15,LOW
260.0,Olivier Pelletier,Montréal,QC,SME,89400.0,2014-12-13,HIGH
261.0,Mathieu Gagnon,Lévis,QC,RETAIL,98112.0,2018-10-17,HIGH
262.0,Jérôme Desjardins,L'Assomption,QC,SME,32523.0,2016-11-12,MID
263.0,Gaëlle Bouchard,Sherbrooke,QC,RETAIL,21377.0,2019-10-13,MID
264.0,Anaïs Gagnon,Montréal,QC,RETAIL,56927.0,2011-05-20,MID
265.0,Anaïs Girard,Montréal,QC,RETAIL,86286.0,2010-02-14,HIGH
266.0,André Gagnon,Trois-Rivières,QC,RETAIL,133092.0,2016-01-02,HIGH
267.0,Jérôme Bouchard,Gatineau,QC,RETAIL,70133.0,2011-12-16,MID
268.0,André Gagnon,Sherbrooke,QC,RETAIL,44988.0,2016-07-03,MID
269.0,Olivier Bélanger,L'Assomption,QC,PRIVATE,34663.0,2019-11-25,MID
270.0,Noémie Tremblay,Trois-Rivières,QC,RETAIL,54487.0,2013-09-10,MID
271.0,Céline Tremblay,Québec,QC,RETAIL,46647.0,2016-01-07,MID
272.0,Jérôme Gagnon,Montréal,QC,RETAIL,,2017-06-19,UNKNOWN
273.0,Josée Tremblay,Québec,QC,RETAIL,150901.0,2011-08-24,HIGH
274.0,Sophie Pelletier,Montréal,QC,RETAIL,132268.0,2019-10-30,HIGH
275.0,Noémie Leblanc,L'Assomption,QC,RETAIL,95609.0,2012-03-22,HIGH
276.0,Josée Gauthier,Châteauguay,QC,RETAIL,34186.0,2018-11-08,MID
277.0,Josée Bouchard,L'Assomption,QC,PRIVATE,83076.0,2017-03-24,HIGH
278.0,Luc Lévesque,Saint-Jérôme,QC,STUDENT,74594.0,2011-07-18,MID
279.0,Céline Girard,Saint-Jérôme,QC,RETAIL,67594.0,2017-12-09,MID
280.0,Marc Desjardins,Lévis,QC,PREMIUM,101198.0,2012-02-25,HIGH
281.0,Noémie Tremblay,L'Assomption,QC,SME,74435.0,2016-07-25,MID
282.0,Olivier Gagnon,Montréal,QC,STUDENT,78434.0,2020-07-05,MID
283.0,Rémi Côté,Montréal,QC,PREMIUM,74492.0,2020-06-09,MID
284.0,Hélène Côté,Lévis,QC,SME,64241.0,2019-07-17,MID
285.0,Léa Pelletier,Trois-Rivières,QC,STUDENT,22208.0,2015-05-31,MID
286.0,Anaïs Morin,Saint-Jérôme,QC,PRIVATE,56490.0,2016-02-17,MID
287.0,Zoé Tremblay,Sherbrooke,QC,RETAIL,41024.0,2013-04-16,MID
288.0,Émilie Gauthier,Saint-Jérôme,QC,RETAIL,28569.0,2020-02-01,MID
289.0,Anaïs Lévesque,Châteauguay,QC,RETAIL,,2015-03-24,UNKNOWN
290.0,Rémi Bélanger,Trois-Rivières,QC,RETAIL,128605.0,2018-06-14,HIGH
291.0,François Desjardins,Sherbrooke,QC,RETAIL,106896.0,2013-12-09,HIGH
292.0,Chloé Tremblay,Châteauguay,QC,RETAIL,61550.0,2018-02-09,MID
293.0,Sophie Girard,Saint-Jérôme,QC,PREMIUM,106437.0,2012-06-16,HIGH
294.0,Benoît Bélanger,Saint-Jérôme,QC,PREMIUM,54504.0,2018-01-14,MID
295.0,Josée Desjardins,Sherbrooke,QC,SME,59958.0,2010-07-03,MID
296.0,Josée Girard,Sherbrooke,QC,RETAIL,31359.0,2011-02-24,MID
297.0,Hélène Ménard,Lévis,QC,RETAIL,66072.0,2013-11-09,MID
298.0,Gaëlle Desjardins,Trois-Rivières,QC,PRIVATE,55837.0,2015-04-13,MID
299.0,André Paquette,Trois-Rivières,QC,SME,28245.0,2017-10-16,MID
300.0,Léa Bergeron,Lévis,QC,STUDENT,52807.0,2013-12-07,MID
301.0,Léa Paquette,Châteauguay,QC,SME,52059.0,2010-03-15,MID
302.0,Céline Gagnon,Gatineau,QC,SME,133090.0,2013-07-25,HIGH
303.0,Josée Pelletier,Châteauguay,QC,RETAIL,84720.0,2014-10-23,HIGH
304.0,Gaëlle Lévesque,Gatineau,QC,RETAIL,54487.0,2015-12-15,MID
305.0,Luc Desjardins,Sherbrooke,QC,RETAIL,61353.0,2017-01-20,MID
306.0,Josée Morin,Rivière-du-Loup,QC,PREMIUM,55387.0,2012-09-17,MID
307.0,Marc Gauthier,Québec,QC,STUDENT,48949.0,2016-09-07,MID
308.0,Benoît Bergeron,Sherbrooke,QC,RETAIL,31533.0,2016-12-01,MID
309.0,Hélène Côté,Montréal,QC,PREMIUM,50235.0,2018-07-04,MID
310.0,François Gagnon,Trois-Rivières,QC,RETAIL,37308.0,2015-09-20,MID
311.0,Sophie Lévesque,Québec,QC,RETAIL,28994.0,2018-11-17,MID
312.0,Jérôme Morin,Québec,QC,RETAIL,69955.0,2012-06-05,MID
313.0,Léa Côté,Québec,QC,RETAIL,65883.0,2017-10-17,MID
314.0,Gaëlle Gauthier,Montréal,QC,STUDENT,22173.0,2010-07-03,MID
315.0,Noémie Gauthier,L'Assomption,QC,RETAIL,50953.0,2011-02-16,MID
316.0,Céline Bouchard,Montréal,QC,SME,89130.0,2019-06-21,HIGH
317.0,Sophie Gauthier,Trois-Rivières,QC,PREMIUM,92006.0,2015-03-16,HIGH
318.0,Jérôme Leblanc,Gatineau,QC,RETAIL,90483.0,2016-10-19,HIGH
319.0,Hélène Bouchard,Rivière-du-Loup,QC,RETAIL,55241.0,2016-08-10,MID
320.0,Marc Ménard,L'Assomption,QC,SME,35507.0,2017-08-11,MID
321.0,Benoît Girard,Québec,QC,RETAIL,31513.0,2012-09-09,MID
322.0,Rémi Lévesque,Rivière-du-Loup,QC,STUDENT,64364.0,2011-12-15,MID
323.0,Marc Bouchard,Gatineau,QC,RETAIL,65489.0,2010-06-20,MID
324.0,Olivier Pelletier,Québec,QC,PREMIUM,103122.0,2019-06-22,HIGH
325.0,Luc Desjardins,Lévis,QC,SME,93900.0,2012-06-13,HIGH
326.0,Olivier Bergeron,Rivière-du-Loup,QC,RETAIL,50710.0,2016-04-19,MID
327.0,Hélène Desjardins,Trois-Rivières,QC,RETAIL,29083.0,2014-12-25,MID
328.0,André Lévesque,Québec,QC,STUDENT,46187.0,2011-10-12,MID
329.0,Marc Bergeron,L'Assomption,QC,RETAIL,60392.0,2014-07-14,MID
330.0,François Bouchard,Rivière-du-Loup,QC,RETAIL,48970.0,2010-11-29,MID
331.0,Jérôme Paquette,Rivière-du-Loup,QC,RETAIL,40581.0,2011-12-08,MID
332.0,Émilie Côté,Rivière-du-Loup,QC,RETAIL,61478.0,2011-07-13,MID
333.0,André Leblanc,L'Assomption,QC,PRIVATE,,2019-01-11,UNKNOWN
334.0,Noémie Desjardins,Lévis,QC,PRIVATE,39576.0,2016-03-19,MID
335.0,Anaïs Bélanger,Québec,QC,RETAIL,63305.0,2020-02-20,MID
336.0,Luc Bergeron,Gatineau,QC,SME,44312.0,2014-10-10,MID
337.0,Léa Bélanger,Châteauguay,QC,RETAIL,61209.0,2012-03-16,MID
338.0,Léa Leblanc,Lévis,QC,RETAIL,62106.0,2016-08-31,MID
339.0,André Bélanger,Gatineau,QC,PREMIUM,30647.0,2020-03-07,MID
340.0,Noémie Ménard,Rivière-du-Loup,QC,STUDENT,42590.0,2015-11-01,MID
341.0,Céline Gagnon,Châteauguay,QC,RETAIL,111178.0,2010-03-13,HIGH
342.0,Luc Ménard,Châteauguay,QC,RETAIL,30302.0,2013-04-29,MID
343.0,Jérôme Desjardins,Sherbrooke,QC,RETAIL,18801.0,2020-02-17,LOW
344.0,Sophie Pelletier,Montréal,QC,SME,21356.0,2015-09-05,MID
345.0,Sophie Paquette,Saint-Jérôme,QC,RETAIL,54971.0,2020-06-04,MID
346.0,Luc Paquette,Sherbrooke,QC,RETAIL,55020.0,2015-07-31,MID
347.0,Anaïs Ménard,Saint-Jérôme,QC,PREMIUM,51082.0,2010-02-18,MID
348.0,François Côté,Trois-Rivières,QC,RETAIL,99419.0,2019-07-25,HIGH
349.0,Céline Pelletier,L'Assomption,QC,RETAIL,14237.0,2018-05-11,LOW
350.0,François Bélanger,Trois-Rivières,QC,RETAIL,66037.0,2017-10-31,MID
351.0,Noémie Bergeron,Sherbrooke,QC,RETAIL,118269.0,2020-08-16,HIGH
352.0,Jérôme Gagnon,Lévis,QC,RETAIL,30826.0,2012-02-24,MID
353.0,Chloé Pelletier,Montréal,QC,SME,44806.0,2019-12-03,MID
354.0,Émilie Pelletier,Saint-Jérôme,QC,PREMIUM,37181.0,2012-07-19,MID
355.0,Olivier Morin,Montréal,QC,PREMIUM,34642.0,2020-08-18,MID
356.0,Benoît Lévesque,Rivière-du-Loup,QC,STUDENT,46022.0,2012-02-05,MID
357.0,Céline Paquette,Gatineau,QC,RETAIL,110607.0,2016-01-11,HIGH
358.0,Anaïs Paquette,Trois-Rivières,QC,RETAIL,135767.0,2018-08-24,HIGH
359.0,Noémie Lévesque,Lévis,QC,STUDENT,45800.0,2010-11-09,MID
360.0,Hélène Pelletier,Gatineau,QC,RETAIL,140439.0,2010-09-24,HIGH
361.0,Chloé Girard,Châteauguay,QC,PREMIUM,55149.0,2019-04-23,MID
362.0,Josée Bélanger,Châteauguay,QC,PRIVATE,130202.0,2010-08-30,HIGH
363.0,Marc Bélanger,Lévis,QC,RETAIL,51707.0,2016-09-21,MID
364.0,Céline Bélanger,Châteauguay,QC,RETAIL,57845.0,2020-04-10,MID
365.0,Olivier Bergeron,Sherbrooke,QC,RETAIL,65039.0,2016-09-24,MID
366.0,Céline Morin,Québec,QC,RETAIL,265515.0,2015-04-09,HIGH
367.0,Anaïs Paquette,L'Assomption,QC,RETAIL,82921.0,2014-07-28,HIGH
368.0,Hélène Leblanc,Trois-Rivières,QC,RETAIL,38039.0,2016-12-27,MID
369.0,Céline Gauthier,Saint-Jérôme,QC,PRIVATE,87948.0,2016-04-06,HIGH
370.0,Céline Girard,Québec,QC,STUDENT,45210.0,2015-07-01,MID
371.0,Josée Paquette,Trois-Rivières,QC,SME,42409.0,2011-09-07,MID
372.0,Léa Bouchard,Sherbrooke,QC,RETAIL,85332.0,2017-04-04,HIGH
373.0,Marc Gauthier,Châteauguay,QC,RETAIL,55025.0,2018-02-07,MID
374.0,Noémie Bouchard,Québec,QC,RETAIL,,2017-10-06,UNKNOWN
375.0,Gaëlle Gagnon,Saint-Jérôme,QC,RETAIL,54557.0,2010-10-28,MID
376.0,Luc Gagnon,Québec,QC,STUDENT,64106.0,2017-09-12,MID
377.0,François Ménard,Trois-Rivières,QC,RETAIL,67002.0,2017-12-29,MID
378.0,André Morin,Lévis,QC,RETAIL,20569.0,2012-01-04,MID
379.0,Céline Gauthier,Saint-Jérôme,QC,SME,75606.0,2019-04-19,MID
380.0,Chloé Leblanc,Gatineau,QC,RETAIL,33156.0,2015-09-27,MID
381.0,Jérôme Pelletier,Gatineau,QC,RETAIL,26340.0,2015-03-05,MID
382.0,Anaïs Ménard,L'Assomption,QC,RETAIL,52617.0,2017-11-30,MID
383.0,Mathieu Paquette,Montréal,QC,PREMIUM,56500.0,2015-08-02,MID
384.0,Léa Lévesque,Trois-Rivières,QC,PRIVATE,38302.0,2015-12-19,MID
385.0,Chloé Gauthier,Montréal,QC,RETAIL,82085.0,2013-06-02,HIGH
386.0,Benoît Ménard,Montréal,QC,STUDENT,27692.0,2020-02-29,MID
387.0,Émilie Leblanc,Châteauguay,QC,SME,44202.0,2020-08-13,MID
388.0,Josée Ménard,Saint-Jérôme,QC,SME,40440.0,2011-06-06,MID
389.0,Sophie Bélanger,L'Assomption,QC,RETAIL,52929.0,2018-01-11,MID
390.0,Zoé Desjardins,Sherbrooke,QC,RETAIL,62282.0,2010-04-04,MID
391.0,Rémi Bergeron,Gatineau,QC,SME,32730.0,2014-01-15,MID
392.0,Chloé Bélanger,Sherbrooke,QC,RETAIL,77819.0,2020-08-15,MID
393.0,Olivier Pelletier,Québec,QC,PREMIUM,55910.0,2011-12-01,MID
394.0,Émilie Leblanc,L'Assomption,QC,PRIVATE,21037.0,2014-02-16,MID
395.0,Noémie Tremblay,L'Assomption,QC,RETAIL,20347.0,2012-05-28,MID
396.0,François Morin,Montréal,QC,PRIVATE,53844.0,2017-12-22,MID
397.0,Céline Desjardins,Lévis,QC,STUDENT,48510.0,2015-01-30,MID
398.0,Sophie Bouchard,L'Assomption,QC,PREMIUM,51446.0,2016-06-30,MID
399.0,Luc Morin,Lévis,QC,RETAIL,53424.0,2020-04-28,MID
400.0,Gaëlle Morin,L'Assomption,QC,SME,60644.0,2015-09-16,MID
401.0,Émilie Bouchard,Rivière-du-Loup,QC,RETAIL,87014.0,2018-01-15,HIGH
402.0,Noémie Girard,Lévis,QC,PREMIUM,31084.0,2011-01-27,MID
403.0,Céline Paquette,Montréal,QC,SME,30152.0,2012-05-10,MID
404.0,Noémie Bélanger,Trois-Rivières,QC,PREMIUM,31362.0,2020-05-15,MID
405.0,Mathieu Ménard,Châteauguay,QC,RETAIL,62596.0,2019-06-01,MID
406.0,Émilie Girard,Lévis,QC,RETAIL,100959.0,2017-03-11,HIGH
407.0,Benoît Bouchard,Saint-Jérôme,QC,RETAIL,43666.0,2014-02-21,MID
408.0,Marc Desjardins,Lévis,QC,RETAIL,15509.0,2012-03-10,LOW
409.0,Émilie Bélanger,Québec,QC,RETAIL,23110.0,2019-04-30,MID
410.0,Benoît Ménard,Trois-Rivières,QC,PREMIUM,35721.0,2018-08-08,MID
411.0,Émilie Bergeron,Gatineau,QC,RETAIL,40992.0,2012-08-24,MID
412.0,Chloé Bergeron,Montréal,QC,PRIVATE,44170.0,2016-06-17,MID
413.0,Léa Bélanger,Châteauguay,QC,STUDENT,55232.0,2016-10-10,MID
414.0,Benoît Girard,L'Assomption,QC,RETAIL,46357.0,2015-03-25,MID
415.0,Rémi Tremblay,Montréal,QC,PREMIUM,91553.0,2020-02-24,HIGH
416.0,Hélène Côté,Lévis,QC,PREMIUM,38638.0,2011-05-12,MID
417.0,Olivier Gagnon,Châteauguay,QC,RETAIL,35201.0,2012-10-28,MID
418.0,Rémi Paquette,Québec,QC,RETAIL,,2011-01-16,UNKNOWN
419.0,Josée Gagnon,Lévis,QC,PRIVATE,25139.0,2017-08-03,MID
420.0,Émilie Girard,Saint-Jérôme,QC,STUDENT,65831.0,2017-01-20,MID
421.0,Zoé Bergeron,Québec,QC,PREMIUM,57027.0,2020-10-24,MID
422.0,Anaïs Tremblay,Montréal,QC,STUDENT,50326.0,2015-12-10,MID
423.0,Émilie Tremblay,Québec,QC,STUDENT,119867.0,2011-08-26,HIGH
424.0,Jérôme Tremblay,Gatineau,QC,RETAIL,39692.0,2014-12-09,MID
425.0,Josée Bergeron,L'Assomption,QC,PREMIUM,151774.0,2010-12-20,HIGH
426.0,Luc Desjardins,Québec,QC,RETAIL,48401.0,2017-05-07,MID
427.0,Luc Côté,Trois-Rivières,QC,STUDENT,28609.0,2017-05-20,MID
428.0,Zoé Desjardins,Trois-Rivières,QC,RETAIL,56104.0,2019-05-24,MID
429.0,Hélène Tremblay,Trois-Rivières,QC,RETAIL,31631.0,2013-09-20,MID
430.0,Benoît Desjardins,Châteauguay,QC,SME,37202.0,2013-05-25,MID
431.0,Luc Girard,Montréal,QC,RETAIL,66073.0,2010-10-12,MID
432.0,Chloé Paquette,Saint-Jérôme,QC,PRIVATE,71524.0,2014-07-19,MID
433.0,Josée Leblanc,Trois-Rivières,QC,RETAIL,39692.0,2015-03-17,MID
434.0,Josée Desjardins,Trois-Rivières,QC,STUDENT,88761.0,2018-04-06,HIGH
435.0,Sophie Tremblay,Châteauguay,QC,SME,96641.0,2018-04-04,HIGH
436.0,Olivier Côté,Rivière-du-Loup,QC,RETAIL,111096.0,2011-07-16,HIGH
437.0,Chloé Bélanger,Gatineau,QC,PRIVATE,70594.0,2013-02-14,MID
438.0,Benoît Lévesque,Lévis,QC,RETAIL,107121.0,2015-08-08,HIGH
439.0,Noémie Paquette,Châteauguay,QC,PREMIUM,21154.0,2013-09-02,MID
440.0,Noémie Bergeron,L'Assomption,QC,PREMIUM,46214.0,2010-04-13,MID
441.0,François Desjardins,L'Assomption,QC,SME,35119.0,2019-04-06,MID
442.0,Sophie Gagnon,Montréal,QC,RETAIL,57504.0,2018-01-04,MID
443.0,Josée Paquette,Rivière-du-Loup,QC,RETAIL,40712.0,2015-09-12,MID
444.0,François Gagnon,Gatineau,QC,PREMIUM,49857.0,2013-06-23,MID
445.0,Émilie Bouchard,Montréal,QC,PREMIUM,138841.0,2019-03-25,HIGH
446.0,François Leblanc,Sherbrooke,QC,RETAIL,,2010-05-22,UNKNOWN
447.0,Noémie Ménard,Québec,QC,RETAIL,66629.0,2014-11-21,MID
448.0,Céline Bergeron,Montréal,QC,RETAIL,48236.0,2018-10-09,MID
449.0,Noémie Tremblay,Québec,QC,SME,56267.0,2020-06-08,MID
450.0,François Bergeron,Lévis,QC,RETAIL,54340.0,2012-10-02,MID
451.0,Émilie Tremblay,Gatineau,QC,RETAIL,67789.0,2017-02-16,MID
452.0,Hélène Girard,Lévis,QC,STUDENT,97018.0,2012-01-29,HIGH
453.0,Olivier Leblanc,Québec,QC,RETAIL,123463.0,2011-04-09,HIGH
454.0,Sophie Gagnon,Québec,QC,PREMIUM,63247.0,2013-11-13,MID
455.0,Mathieu Bélanger,L'Assomption,QC,RETAIL,72749.0,2019-09-11,MID
456.0,Marc Gagnon,Rivière-du-Loup,QC,SME,30472.0,2017-07-20,MID
457.0,Mathieu Ménard,Sherbrooke,QC,PREMIUM,51847.0,2015-05-12,MID
458.0,André Morin,Québec,QC,SME,86694.0,2013-02-05,HIGH
459.0,Noémie Paquette,L'Assomption,QC,RETAIL,83532.0,2011-07-21,HIGH
460.0,Zoé Bergeron,Gatineau,QC,RETAIL,60223.0,2012-12-19,MID
461.0,Rémi Pelletier,Saint-Jérôme,QC,PRIVATE,84389.0,2011-09-03,HIGH
462.0,Sophie Gagnon,Québec,QC,RETAIL,69243.0,2012-01-19,MID
463.0,Hélène Ménard,Rivière-du-Loup,QC,RETAIL,98731.0,2017-07-13,HIGH
464.0,Noémie Bouchard,Lévis,QC,RETAIL,62610.0,2011-06-15,MID
465.0,Sophie Pelletier,Montréal,QC,STUDENT,45349.0,2010-07-09,MID
466.0,Noémie Leblanc,Châteauguay,QC,PREMIUM,64082.0,2015-12-10,MID
467.0,Zoé Bergeron,Lévis,QC,PREMIUM,12515.0,2013-02-20,LOW
468.0,Sophie Ménard,Montréal,QC,PREMIUM,65607.0,2014-12-24,MID
469.0,Jérôme Gagnon,Trois-Rivières,QC,RETAIL,8741.0,2011-07-14,LOW
470.0,Olivier Lévesque,Lévis,QC,RETAIL,22886.0,2012-04-19,MID
471.0,Benoît Morin,Rivière-du-Loup,QC,RETAIL,67906.0,2014-10-31,MID
472.0,Anaïs Lévesque,Montréal,QC,PREMIUM,68787.0,2017-07-23,MID
473.0,Chloé Bélanger,Saint-Jérôme,QC,RETAIL,30296.0,2014-07-16,MID
474.0,Luc Gagnon,Rivière-du-Loup,QC,SME,37947.0,2015-12-07,MID
475.0,Anaïs Bouchard,L'Assomption,QC,SME,107503.0,2015-09-19,HIGH
476.0,François Bouchard,Rivière-du-Loup,QC,RETAIL,42531.0,2012-12-11,MID
477.0,Léa Morin,Québec,QC,PREMIUM,166285.0,2013-01-23,HIGH
478.0,Marc Bergeron,L'Assomption,QC,RETAIL,54124.0,2014-08-30,MID
479.0,Sophie Bergeron,Rivière-du-Loup,QC,STUDENT,66438.0,2010-05-09,MID
480.0,Luc Morin,Trois-Rivières,QC,STUDENT,121593.0,2017-07-04,HIGH
481.0,Jérôme Morin,Lévis,QC,STUDENT,57844.0,2016-09-23,MID
482.0,Josée Côté,Saint-Jérôme,QC,RETAIL,32821.0,2013-05-09,MID
483.0,Anaïs Pelletier,Lévis,QC,RETAIL,51284.0,2014-02-03,MID
484.0,Léa Bouchard,Châteauguay,QC,RETAIL,53220.0,2013-08-07,MID
485.0,Anaïs Tremblay,Rivière-du-Loup,QC,RETAIL,27382.0,2017-02-18,MID
486.0,Zoé Morin,Rivière-du-Loup,QC,RETAIL,,2018-04-27,UNKNOWN
487.0,Olivier Lévesque,Trois-Rivières,QC,RETAIL,37380.0,2011-03-11,MID
488.0,Chloé Côté,L'Assomption,QC,STUDENT,86007.0,2014-07-12,HIGH
489.0,François Pelletier,Trois-Rivières,QC,RETAIL,55122.0,2010-02-25,MID
490.0,Mathieu Pelletier,Sherbrooke,QC,RETAIL,47033.0,2014-12-14,MID
491.0,André Leblanc,Saint-Jérôme,QC,SME,,2012-09-20,UNKNOWN
492.0,Noémie Bergeron,Lévis,QC,PREMIUM,60570.0,2013-09-05,MID
493.0,André Bergeron,Québec,QC,PRIVATE,73748.0,2015-01-01,MID
494.0,Léa Bouchard,Gatineau,QC,PREMIUM,32864.0,2013-07-18,MID
495.0,Hélène Paquette,Trois-Rivières,QC,SME,32183.0,2014-04-26,MID
496.0,Gaëlle Pelletier,Châteauguay,QC,PREMIUM,94121.0,2018-05-18,HIGH
497.0,Jérôme Morin,Québec,QC,RETAIL,44083.0,2018-11-16,MID
498.0,Noémie Bergeron,Rivière-du-Loup,QC,PREMIUM,26678.0,2010-01-24,MID
499.0,Noémie Gauthier,Québec,QC,RETAIL,67637.0,2014-02-20,MID
500.0,Luc Lévesque,Sherbrooke,QC,RETAIL,68301.0,2019-04-11,MID
