loan_id,customer_id,loan_type,origination_date,principal,interest_rate,term_months,status,monthly_payment
10001.0,97.0,AUTO,2022-01-01,44164.0,0.0699,36.0,ACTIVE,1363.45
10002.0,46.0,MORTGAGE,2022-01-01,384930.0,0.0899,300.0,ACTIVE,3227.68
10003.0,118.0,AUTO,2022-01-01,36758.0,0.1199,36.0,ACTIVE,1220.72
10004.0,488.0,AUTO,2022-01-01,22562.0,0.0549,60.0,ACTIVE,430.86
10005.0,401.0,AUTO,2022-01-01,34770.0,0.0699,36.0,ACTIVE,1073.44
10006.0,10.0,MORTGAGE,2022-01-01,537214.0,0.0399,300.0,ACTIVE,2832.65
10007.0,458.0,PERSONAL,2022-01-01,29023.0,0.0549,60.0,ACTIVE,554.24
10008.0,103.0,CREDIT_LINE,2022-01-01,16472.0,0.0899,60.0,ACTIVE,341.85
10009.0,203.0,MORTGAGE,2022-01-01,358259.0,0.0899,300.0,ACTIVE,3004.04
10010.0,164.0,PERSONAL,2022-01-01,23663.0,0.0549,36.0,ACTIVE,714.42
10011.0,203.0,PERSONAL,2022-01-01,13639.0,0.0699,48.0,ACTIVE,326.54
10012.0,381.0,MORTGAGE,2022-01-01,491236.0,0.1199,300.0,ACTIVE,5170.19
10013.0,357.0,PERSONAL,2022-01-01,18492.0,0.0399,48.0,ACTIVE,417.45
10014.0,298.0,PERSONAL,2022-01-01,10530.0,0.0399,36.0,ACTIVE,310.84
10015.0,314.0,CREDIT_LINE,2022-01-01,3730.0,0.0549,48.0,ACTIVE,86.73
10016.0,364.0,CREDIT_LINE,2022-01-01,17897.0,0.0899,60.0,ACTIVE,371.43
10017.0,93.0,MORTGAGE,2022-01-01,442422.0,0.0549,300.0,ACTIVE,2714.22
10018.0,198.0,AUTO,2022-01-01,25875.0,0.1199,48.0,ACTIVE,681.26
10019.0,54.0,AUTO,2022-02-01,27818.0,0.1199,36.0,ACTIVE,923.82
10020.0,353.0,MORTGAGE,2022-02-01,385263.0,0.0699,300.0,ACTIVE,2720.5
10021.0,219.0,AUTO,2022-02-01,30984.0,0.0549,36.0,ACTIVE,935.45
10022.0,319.0,CREDIT_LINE,2022-02-01,16128.0,0.0399,48.0,CLOSED,364.08
10023.0,283.0,MORTGAGE,2022-02-01,170548.0,0.1199,300.0,ACTIVE,1794.99
10024.0,137.0,AUTO,2022-02-01,44590.0,0.1199,48.0,ACTIVE,1174.01
10025.0,70.0,PERSONAL,2022-02-01,9744.0,0.0699,36.0,ACTIVE,300.82
10026.0,487.0,AUTO,2022-02-01,57578.0,0.0699,36.0,ACTIVE,1777.58
10027.0,147.0,AUTO,2022-02-01,40333.0,0.0899,36.0,ACTIVE,1282.39
10028.0,55.0,CREDIT_LINE,2022-02-01,5184.0,0.0899,36.0,CLOSED,164.83
10029.0,153.0,AUTO,2022-02-01,56362.0,0.0399,60.0,ACTIVE,1037.74
10030.0,452.0,MORTGAGE,2022-02-01,491387.0,0.0899,300.0,ACTIVE,4120.34
10031.0,131.0,MORTGAGE,2022-02-01,260410.0,0.1199,300.0,ACTIVE,2740.78
10032.0,494.0,CREDIT_LINE,2022-02-01,14285.0,0.0899,48.0,ACTIVE,355.42
10033.0,231.0,MORTGAGE,2022-03-01,244242.0,0.0699,300.0,ACTIVE,1724.69
10034.0,431.0,AUTO,2022-03-01,54692.0,0.0699,60.0,ACTIVE,1082.71
10035.0,327.0,MORTGAGE,2022-03-01,414519.0,0.0549,300.0,ACTIVE,2543.03
10036.0,22.0,AUTO,2022-03-01,28335.0,0.0899,60.0,ACTIVE,588.05
10037.0,255.0,CREDIT_LINE,2022-03-01,11801.0,0.0549,48.0,ACTIVE,274.4
10038.0,209.0,AUTO,2022-03-01,27675.0,0.0549,48.0,ACTIVE,643.5
10039.0,101.0,CREDIT_LINE,2022-03-01,12901.0,0.0549,48.0,CLOSED,299.97
10040.0,275.0,MORTGAGE,2022-03-01,183941.0,0.0549,300.0,ACTIVE,1128.46
10041.0,52.0,AUTO,2022-03-01,54574.0,0.0549,48.0,ACTIVE,1268.95
10042.0,350.0,PERSONAL,2022-03-01,14045.0,0.0399,60.0,ACTIVE,258.6
10043.0,411.0,AUTO,2022-03-01,36265.0,0.0899,36.0,CLOSED,1153.05
10044.0,47.0,MORTGAGE,2022-03-01,430339.0,0.0699,300.0,ACTIVE,3038.8
10045.0,240.0,PERSONAL,2022-03-01,10325.0,0.1199,60.0,ACTIVE,229.62
10046.0,328.0,AUTO,2022-03-01,38033.0,0.0399,48.0,ACTIVE,858.58
10047.0,32.0,AUTO,2022-03-01,39885.0,0.0899,60.0,CLOSED,827.75
10048.0,195.0,CREDIT_LINE,2022-03-01,27500.0,0.0399,48.0,ACTIVE,620.8
10049.0,130.0,MORTGAGE,2022-03-01,516770.0,0.0699,300.0,ACTIVE,3649.13
10050.0,20.0,AUTO,2022-03-01,57678.0,0.0699,60.0,ACTIVE,1141.82
10051.0,403.0,MORTGAGE,2022-03-01,294376.0,0.0699,300.0,ACTIVE,2078.71
10052.0,223.0,AUTO,2022-03-01,45364.0,0.0899,36.0,CLOSED,1442.35
10053.0,376.0,MORTGAGE,2022-03-01,491116.0,0.1199,300.0,ACTIVE,5168.92
10054.0,294.0,PERSONAL,2022-04-01,26431.0,0.0549,36.0,ACTIVE,797.99
10055.0,438.0,MORTGAGE,2022-04-01,572795.0,0.1199,300.0,ACTIVE,6028.58
10056.0,499.0,PERSONAL,2022-04-01,16056.0,0.0399,60.0,ACTIVE,295.62
10057.0,302.0,MORTGAGE,2022-04-01,447390.0,0.0549,300.0,ACTIVE,2744.69
10058.0,177.0,AUTO,2022-04-01,51442.0,0.0549,60.0,ACTIVE,982.36
10059.0,212.0,AUTO,2022-04-01,28893.0,0.1199,48.0,ACTIVE,760.72
10060.0,413.0,PERSONAL,2022-04-01,20885.0,0.0399,36.0,ACTIVE,616.52
10061.0,214.0,AUTO,2022-04-01,40439.0,0.0549,36.0,CLOSED,1220.91
10062.0,260.0,AUTO,2022-04-01,23771.0,0.0699,60.0,ACTIVE,470.58
10063.0,98.0,PERSONAL,2022-04-01,3604.0,0.1199,60.0,ACTIVE,80.15
10064.0,496.0,AUTO,2022-04-01,15200.0,0.0699,60.0,ACTIVE,300.91
10065.0,326.0,MORTGAGE,2022-04-01,336492.0,0.1199,300.0,CLOSED,3541.53
10066.0,166.0,CREDIT_LINE,2022-04-01,27597.0,0.0899,48.0,ACTIVE,686.62
10067.0,293.0,AUTO,2022-04-01,46325.0,0.0899,48.0,ACTIVE,1152.58
10068.0,201.0,MORTGAGE,2022-05-01,246605.0,0.0899,300.0,ACTIVE,2067.81
10069.0,78.0,AUTO,2022-05-01,18229.0,0.0399,36.0,CLOSED,538.11
10070.0,438.0,MORTGAGE,2022-05-01,385589.0,0.0699,300.0,CLOSED,2722.8
10071.0,443.0,MORTGAGE,2022-05-01,196912.0,0.0699,300.0,ACTIVE,1390.48
10072.0,418.0,PERSONAL,2022-05-01,12974.0,0.0549,48.0,ACTIVE,301.67
10073.0,185.0,MORTGAGE,2022-05-01,336683.0,0.0399,300.0,ACTIVE,1775.28
10074.0,129.0,PERSONAL,2022-05-01,9000.0,0.0399,60.0,ACTIVE,165.71
10075.0,25.0,CREDIT_LINE,2022-05-01,13754.0,0.0899,36.0,ACTIVE,437.31
10076.0,366.0,PERSONAL,2022-05-01,11510.0,0.0899,48.0,ACTIVE,286.37
10077.0,164.0,PERSONAL,2022-05-01,7914.0,0.0549,36.0,ACTIVE,238.93
10078.0,447.0,PERSONAL,2022-05-01,11356.0,0.0899,48.0,CLOSED,282.54
10079.0,435.0,CREDIT_LINE,2022-05-01,5600.0,0.0899,48.0,ACTIVE,139.33
10080.0,65.0,AUTO,2022-05-01,30506.0,0.1199,60.0,ACTIVE,678.43
10081.0,459.0,MORTGAGE,2022-05-01,568820.0,0.1199,300.0,ACTIVE,5986.75
10082.0,71.0,AUTO,2022-06-01,29625.0,0.1199,60.0,ACTIVE,658.84
10083.0,246.0,AUTO,2022-06-01,21308.0,0.0399,36.0,ACTIVE,629.0
10084.0,237.0,MORTGAGE,2022-06-01,487555.0,0.0899,300.0,DEFAULT,4088.21
10085.0,479.0,PERSONAL,2022-06-01,12078.0,0.0549,60.0,ACTIVE,230.65
10086.0,329.0,MORTGAGE,2022-06-01,550742.0,0.0699,300.0,ACTIVE,3889.02
10087.0,438.0,CREDIT_LINE,2022-06-01,19103.0,0.0899,36.0,ACTIVE,607.38
10088.0,298.0,MORTGAGE,2022-06-01,157578.0,0.0899,300.0,ACTIVE,1321.31
10089.0,413.0,MORTGAGE,2022-06-01,159117.0,0.0699,300.0,DEFAULT,1123.59
10090.0,427.0,MORTGAGE,2022-06-01,344966.0,0.1199,300.0,ACTIVE,3630.72
10091.0,430.0,MORTGAGE,2022-06-01,262296.0,0.0399,300.0,ACTIVE,1383.05
10092.0,206.0,MORTGAGE,2022-06-01,564981.0,0.0399,300.0,ACTIVE,2979.06
10093.0,191.0,MORTGAGE,2022-06-01,203318.0,0.0399,300.0,ACTIVE,1072.06
10094.0,493.0,MORTGAGE,2022-06-01,546365.0,0.1199,300.0,ACTIVE,5750.41
10095.0,379.0,MORTGAGE,2022-06-01,247557.0,0.0699,300.0,CLOSED,1748.1
10096.0,459.0,AUTO,2022-06-01,23081.0,0.0699,48.0,ACTIVE,552.6
10097.0,289.0,AUTO,2022-06-01,36756.0,0.0899,48.0,CLOSED,914.5
10098.0,465.0,AUTO,2022-06-01,33737.0,0.0699,60.0,ACTIVE,667.87
10099.0,360.0,AUTO,2022-06-01,39001.0,0.0699,36.0,ACTIVE,1204.06
10100.0,372.0,MORTGAGE,2022-06-01,298706.0,0.0399,300.0,CLOSED,1575.03
10101.0,89.0,MORTGAGE,2022-06-01,388067.0,0.0399,300.0,ACTIVE,2046.22
10102.0,284.0,MORTGAGE,2022-06-01,391680.0,0.1199,300.0,ACTIVE,4122.37
10103.0,366.0,PERSONAL,2022-07-01,3493.0,0.0699,60.0,CLOSED,69.15
10104.0,381.0,CREDIT_LINE,2022-07-01,3727.0,0.0399,48.0,ACTIVE,84.14
10105.0,479.0,CREDIT_LINE,2022-07-01,22660.0,0.0549,48.0,CLOSED,526.89
10106.0,164.0,AUTO,2022-07-01,36353.0,0.0549,60.0,ACTIVE,694.22
10107.0,152.0,AUTO,2022-07-01,16512.0,0.0549,48.0,DEFAULT,383.94
10108.0,485.0,AUTO,2022-07-01,16546.0,0.0549,60.0,ACTIVE,315.97
10109.0,494.0,PERSONAL,2022-07-01,13919.0,0.0899,60.0,ACTIVE,288.87
10110.0,90.0,PERSONAL,2022-07-01,22374.0,0.0399,60.0,CLOSED,411.95
10111.0,190.0,PERSONAL,2022-07-01,15637.0,0.0549,36.0,ACTIVE,472.1
10112.0,475.0,PERSONAL,2022-07-01,4535.0,0.0699,48.0,ACTIVE,108.58
10113.0,100.0,AUTO,2022-07-01,23582.0,0.0699,60.0,ACTIVE,466.84
10114.0,392.0,PERSONAL,2022-07-01,23310.0,0.1199,48.0,ACTIVE,613.73
10115.0,57.0,PERSONAL,2022-07-01,4647.0,0.1199,36.0,CLOSED,154.32
10116.0,90.0,AUTO,2022-07-01,16368.0,0.0549,36.0,ACTIVE,494.17
10117.0,393.0,CREDIT_LINE,2022-07-01,11744.0,0.0699,60.0,ACTIVE,232.49
10118.0,304.0,MORTGAGE,2022-07-01,371657.0,0.0399,300.0,ACTIVE,1959.69
10119.0,278.0,CREDIT_LINE,2022-08-01,28664.0,0.0899,36.0,DEFAULT,911.37
10120.0,429.0,PERSONAL,2022-08-01,18966.0,0.0399,60.0,DEFAULT,349.2
10121.0,154.0,MORTGAGE,2022-08-01,198738.0,0.0399,300.0,DEFAULT,1047.92
10122.0,252.0,PERSONAL,2022-08-01,11809.0,0.0899,60.0,ACTIVE,245.08
10123.0,305.0,MORTGAGE,2022-08-01,207086.0,0.0399,300.0,ACTIVE,1091.93
10124.0,370.0,PERSONAL,2022-08-01,21201.0,0.0699,60.0,ACTIVE,419.71
10125.0,167.0,PERSONAL,2022-08-01,3089.0,0.0399,48.0,ACTIVE,69.73
10126.0,317.0,PERSONAL,2022-08-01,8644.0,0.0899,60.0,ACTIVE,179.39
10127.0,225.0,PERSONAL,2022-08-01,18807.0,0.0899,60.0,ACTIVE,390.31
10128.0,271.0,MORTGAGE,2022-08-01,406337.0,0.0699,300.0,ACTIVE,2869.31
10129.0,432.0,MORTGAGE,2022-08-01,427947.0,0.1199,300.0,ACTIVE,4504.08
10130.0,197.0,AUTO,2022-08-01,39550.0,0.0699,60.0,ACTIVE,782.95
10131.0,335.0,MORTGAGE,2022-08-01,424630.0,0.0399,300.0,ACTIVE,2239.01
10132.0,471.0,AUTO,2022-08-01,25707.0,0.0399,36.0,ACTIVE,758.86
10133.0,382.0,MORTGAGE,2022-08-01,594014.0,0.0549,300.0,CLOSED,3644.22
10134.0,495.0,AUTO,2022-08-01,15454.0,0.0549,36.0,ACTIVE,466.58
10135.0,292.0,AUTO,2022-08-01,58483.0,0.0549,48.0,CLOSED,1359.84
10136.0,141.0,PERSONAL,2022-08-01,9936.0,0.0549,60.0,ACTIVE,189.74
10137.0,496.0,MORTGAGE,2022-08-01,588525.0,0.0699,300.0,ACTIVE,4155.82
10138.0,323.0,PERSONAL,2022-08-01,18592.0,0.0399,36.0,ACTIVE,548.83
10139.0,121.0,AUTO,2022-08-01,37364.0,0.0899,48.0,ACTIVE,929.63
10140.0,159.0,AUTO,2022-08-01,53782.0,0.0549,36.0,ACTIVE,1623.75
10141.0,132.0,AUTO,2022-09-01,36565.0,0.0899,60.0,ACTIVE,758.85
10142.0,417.0,AUTO,2022-09-01,20953.0,0.0699,36.0,ACTIVE,646.87
10143.0,47.0,MORTGAGE,2022-09-01,339037.0,0.1199,300.0,CLOSED,3568.31
10144.0,370.0,AUTO,2022-09-01,21103.0,0.0699,48.0,ACTIVE,505.24
10145.0,278.0,MORTGAGE,2022-09-01,322778.0,0.0549,300.0,ACTIVE,1980.21
10146.0,37.0,AUTO,2022-09-01,36379.0,0.0699,60.0,ACTIVE,720.18
10147.0,307.0,AUTO,2022-09-01,29362.0,0.0899,48.0,ACTIVE,730.54
10148.0,377.0,AUTO,2022-09-01,35072.0,0.0699,60.0,ACTIVE,694.3
10149.0,363.0,PERSONAL,2022-09-01,18073.0,0.0699,48.0,ACTIVE,432.7
10150.0,265.0,MORTGAGE,2022-09-01,342387.0,0.0699,300.0,ACTIVE,2417.74
10151.0,168.0,CREDIT_LINE,2022-09-01,21160.0,0.0549,48.0,ACTIVE,492.01
10152.0,82.0,PERSONAL,2022-09-01,17074.0,0.0549,36.0,DEFAULT,515.49
10153.0,7.0,CREDIT_LINE,2022-09-01,3703.0,0.1199,36.0,DEFAULT,122.97
10154.0,180.0,PERSONAL,2022-09-01,4262.0,0.0899,48.0,ACTIVE,106.04
10155.0,317.0,MORTGAGE,2022-10-01,441948.0,0.0399,300.0,CLOSED,2330.32
10156.0,19.0,AUTO,2022-10-01,56499.0,0.1199,60.0,ACTIVE,1256.5
10157.0,500.0,MORTGAGE,2022-10-01,585558.0,0.0899,300.0,ACTIVE,4909.97
10158.0,293.0,PERSONAL,2022-10-01,8746.0,0.0399,60.0,CLOSED,161.03
10159.0,148.0,AUTO,2022-10-01,16147.0,0.0899,36.0,ACTIVE,513.4
10160.0,482.0,MORTGAGE,2022-10-01,333405.0,0.0699,300.0,ACTIVE,2354.31
10161.0,92.0,CREDIT_LINE,2022-10-01,14292.0,0.1199,60.0,ACTIVE,317.85
10162.0,479.0,MORTGAGE,2022-10-01,327011.0,0.0699,300.0,ACTIVE,2309.16
10163.0,141.0,AUTO,2022-10-01,18220.0,0.0699,36.0,ACTIVE,562.5
10164.0,190.0,PERSONAL,2022-10-01,22055.0,0.0549,60.0,ACTIVE,421.17
10165.0,213.0,MORTGAGE,2022-10-01,466978.0,0.0549,300.0,ACTIVE,2864.87
10166.0,498.0,AUTO,2022-10-01,51266.0,0.0899,60.0,ACTIVE,1063.95
10167.0,126.0,PERSONAL,2022-10-01,23234.0,0.1199,48.0,ACTIVE,611.73
10168.0,487.0,MORTGAGE,2022-10-01,382535.0,0.1199,300.0,ACTIVE,4026.12
10169.0,174.0,AUTO,2022-10-01,39572.0,0.0899,60.0,CLOSED,821.26
10170.0,143.0,MORTGAGE,2022-10-01,218577.0,0.0899,300.0,ACTIVE,1832.79
10171.0,320.0,PERSONAL,2022-10-01,23122.0,0.0699,36.0,ACTIVE,713.83
10172.0,347.0,MORTGAGE,2022-10-01,203168.0,0.0549,300.0,ACTIVE,1246.42
10173.0,173.0,CREDIT_LINE,2022-10-01,25861.0,0.0899,36.0,ACTIVE,822.25
10174.0,68.0,PERSONAL,2022-10-01,27138.0,0.0549,36.0,ACTIVE,819.33
10175.0,199.0,MORTGAGE,2022-10-01,219743.0,0.0549,300.0,ACTIVE,1348.1
10176.0,271.0,AUTO,2022-10-01,23660.0,0.1199,48.0,ACTIVE,622.94
10177.0,21.0,AUTO,2022-10-01,48185.0,0.0699,48.0,ACTIVE,1153.63
10178.0,40.0,PERSONAL,2022-11-01,13492.0,0.0549,60.0,ACTIVE,257.65
10179.0,459.0,AUTO,2022-11-01,19580.0,0.1199,36.0,ACTIVE,650.24
10180.0,18.0,MORTGAGE,2022-11-01,544815.0,0.1199,300.0,ACTIVE,5734.1
10181.0,204.0,MORTGAGE,2022-11-01,165511.0,0.0549,300.0,ACTIVE,1015.39
10182.0,382.0,CREDIT_LINE,2022-11-01,18472.0,0.0699,60.0,ACTIVE,365.68
10183.0,165.0,AUTO,2022-11-01,29005.0,0.0699,36.0,ACTIVE,895.46
10184.0,248.0,PERSONAL,2022-11-01,6635.0,0.0899,60.0,ACTIVE,137.7
10185.0,44.0,AUTO,2022-11-01,15560.0,0.1199,36.0,ACTIVE,516.74
10186.0,398.0,CREDIT_LINE,2022-11-01,17859.0,0.0699,48.0,ACTIVE,427.57
10187.0,318.0,MORTGAGE,2022-11-01,153367.0,0.0899,300.0,ACTIVE,1286.0
10188.0,426.0,MORTGAGE,2022-11-01,543134.0,0.0699,300.0,ACTIVE,3835.29
10189.0,432.0,CREDIT_LINE,2022-11-01,25829.0,0.1199,60.0,ACTIVE,574.42
10190.0,176.0,CREDIT_LINE,2022-11-01,6162.0,0.0699,60.0,ACTIVE,121.99
10191.0,21.0,AUTO,2022-11-01,51060.0,0.0549,60.0,ACTIVE,975.07
10192.0,174.0,AUTO,2022-11-01,39763.0,0.0699,48.0,ACTIVE,951.99
10193.0,73.0,AUTO,2022-11-01,42193.0,0.1199,60.0,ACTIVE,938.35
10194.0,267.0,AUTO,2022-11-01,24014.0,0.0899,36.0,ACTIVE,763.53
10195.0,74.0,MORTGAGE,2022-11-01,415405.0,0.0399,300.0,ACTIVE,2190.37
10196.0,461.0,PERSONAL,2022-11-01,25941.0,0.0399,36.0,ACTIVE,765.77
10197.0,302.0,MORTGAGE,2022-11-01,457800.0,0.0699,300.0,ACTIVE,3232.72
10198.0,127.0,PERSONAL,2022-11-01,19025.0,0.1199,60.0,ACTIVE,423.1
10199.0,461.0,MORTGAGE,2022-11-01,414665.0,0.0699,300.0,ACTIVE,2928.12
10200.0,385.0,MORTGAGE,2022-11-01,363730.0,0.0699,300.0,ACTIVE,2568.45
10201.0,219.0,PERSONAL,2022-11-01,21869.0,0.0899,36.0,ACTIVE,695.33
10202.0,74.0,AUTO,2022-11-01,41061.0,0.0699,60.0,ACTIVE,812.86
10203.0,172.0,PERSONAL,2022-11-01,23193.0,0.1199,48.0,ACTIVE,610.65
10204.0,293.0,MORTGAGE,2022-11-01,381473.0,0.0899,300.0,ACTIVE,3198.7
10205.0,383.0,CREDIT_LINE,2022-11-01,28215.0,0.0899,60.0,ACTIVE,585.56
10206.0,131.0,PERSONAL,2022-12-01,7931.0,0.0899,48.0,ACTIVE,197.33
10207.0,372.0,PERSONAL,2022-12-01,27393.0,0.0899,36.0,ACTIVE,870.96
10208.0,142.0,MORTGAGE,2022-12-01,560953.0,0.0399,300.0,CLOSED,2957.82
10209.0,124.0,AUTO,2022-12-01,16179.0,0.0699,48.0,ACTIVE,387.35
10210.0,224.0,AUTO,2022-12-01,18597.0,0.0399,60.0,ACTIVE,342.41
10211.0,81.0,AUTO,2022-12-01,25920.0,0.0699,48.0,ACTIVE,620.57
10212.0,203.0,MORTGAGE,2022-12-01,566118.0,0.0399,300.0,ACTIVE,2985.05
10213.0,179.0,MORTGAGE,2022-12-01,450074.0,0.0699,300.0,ACTIVE,3178.16
10214.0,141.0,AUTO,2022-12-01,23430.0,0.0549,36.0,ACTIVE,707.38
10215.0,388.0,MORTGAGE,2022-12-01,362306.0,0.0399,300.0,ACTIVE,1910.38
10216.0,166.0,AUTO,2022-12-01,30026.0,0.0399,36.0,ACTIVE,886.35
10217.0,348.0,MORTGAGE,2022-12-01,294712.0,0.0699,300.0,CLOSED,2081.08
10218.0,361.0,MORTGAGE,2023-01-01,470301.0,0.0399,300.0,CLOSED,2479.83
10219.0,333.0,PERSONAL,2023-01-01,22292.0,0.1199,60.0,ACTIVE,495.76
10220.0,135.0,AUTO,2023-01-01,51305.0,0.0899,60.0,ACTIVE,1064.76
10221.0,415.0,AUTO,2023-01-01,28155.0,0.0899,36.0,ACTIVE,895.19
10222.0,119.0,AUTO,2023-01-01,55620.0,0.0399,36.0,DEFAULT,1641.88
10223.0,139.0,PERSONAL,2023-01-01,14354.0,0.0899,48.0,CLOSED,357.13
10224.0,438.0,AUTO,2023-01-01,23445.0,0.0899,60.0,ACTIVE,486.57
10225.0,170.0,AUTO,2023-01-01,30306.0,0.0549,36.0,ACTIVE,914.98
10226.0,349.0,CREDIT_LINE,2023-01-01,14968.0,0.0399,36.0,ACTIVE,441.85
10227.0,22.0,AUTO,2023-01-01,51979.0,0.0699,36.0,ACTIVE,1604.72
10228.0,308.0,CREDIT_LINE,2023-01-01,2759.0,0.0899,48.0,ACTIVE,68.64
10229.0,435.0,PERSONAL,2023-01-01,25981.0,0.0399,60.0,ACTIVE,478.36
10230.0,355.0,MORTGAGE,2023-01-01,595575.0,0.0399,300.0,ACTIVE,3140.38
10231.0,292.0,AUTO,2023-01-01,19657.0,0.0549,48.0,ACTIVE,457.06
10232.0,425.0,PERSONAL,2023-01-01,2405.0,0.0699,36.0,ACTIVE,74.25
10233.0,150.0,CREDIT_LINE,2023-01-01,4523.0,0.0699,48.0,ACTIVE,108.29
10234.0,189.0,AUTO,2023-01-01,35303.0,0.0699,48.0,ACTIVE,845.21
10235.0,35.0,MORTGAGE,2023-01-01,338224.0,0.0549,300.0,ACTIVE,2074.97
10236.0,350.0,AUTO,2023-01-01,52289.0,0.0399,60.0,ACTIVE,962.75
10237.0,362.0,MORTGAGE,2023-01-01,295982.0,0.0399,300.0,ACTIVE,1560.67
10238.0,376.0,PERSONAL,2023-02-01,26110.0,0.0399,36.0,ACTIVE,770.76
10239.0,375.0,AUTO,2023-02-01,41533.0,0.0899,36.0,ACTIVE,1320.55
10240.0,64.0,PERSONAL,2023-02-01,23365.0,0.0899,36.0,ACTIVE,742.89
10241.0,334.0,PERSONAL,2023-02-01,10668.0,0.0699,60.0,ACTIVE,211.19
10242.0,382.0,PERSONAL,2023-02-01,18238.0,0.0399,48.0,ACTIVE,411.72
10243.0,102.0,PERSONAL,2023-02-01,7607.0,0.0699,36.0,ACTIVE,234.85
10244.0,239.0,PERSONAL,2023-02-01,26021.0,0.1199,36.0,ACTIVE,864.15
10245.0,457.0,PERSONAL,2023-02-01,4376.0,0.0549,36.0,ACTIVE,132.12
10246.0,208.0,PERSONAL,2023-02-01,22843.0,0.0699,48.0,ACTIVE,546.9
10247.0,377.0,MORTGAGE,2023-02-01,499509.0,0.0699,300.0,ACTIVE,3527.24
10248.0,266.0,AUTO,2023-02-01,55256.0,0.0549,36.0,ACTIVE,1668.26
10249.0,329.0,MORTGAGE,2023-02-01,216576.0,0.0699,300.0,ACTIVE,1529.33
10250.0,314.0,PERSONAL,2023-02-01,6427.0,0.0699,48.0,ACTIVE,153.87
10251.0,326.0,PERSONAL,2023-02-01,23036.0,0.0699,60.0,ACTIVE,456.03
10252.0,390.0,AUTO,2023-02-01,24007.0,0.0899,48.0,ACTIVE,597.3
10253.0,453.0,MORTGAGE,2023-02-01,383045.0,0.0699,300.0,ACTIVE,2704.84
10254.0,148.0,AUTO,2023-02-01,28480.0,0.0399,36.0,ACTIVE,840.72
10255.0,465.0,PERSONAL,2023-03-01,11626.0,0.0399,60.0,DEFAULT,214.06
10256.0,314.0,MORTGAGE,2023-03-01,459822.0,0.0699,300.0,ACTIVE,3246.99
10257.0,298.0,MORTGAGE,2023-03-01,220661.0,0.1199,300.0,ACTIVE,2322.42
10258.0,164.0,PERSONAL,2023-03-01,9906.0,0.0399,48.0,ACTIVE,223.62
10259.0,209.0,PERSONAL,2023-03-01,9788.0,0.0399,60.0,ACTIVE,180.22
10260.0,326.0,MORTGAGE,2023-03-01,296288.0,0.0899,300.0,ACTIVE,2484.41
10261.0,182.0,MORTGAGE,2023-03-01,261576.0,0.0699,300.0,ACTIVE,1847.1
10262.0,144.0,CREDIT_LINE,2023-03-01,8623.0,0.0549,48.0,DEFAULT,200.5
10263.0,410.0,PERSONAL,2023-03-01,6622.0,0.0549,60.0,ACTIVE,126.46
10264.0,208.0,PERSONAL,2023-03-01,6232.0,0.0899,48.0,ACTIVE,155.05
10265.0,323.0,AUTO,2023-03-01,29312.0,0.0699,60.0,ACTIVE,580.27
10266.0,16.0,MORTGAGE,2023-03-01,445164.0,0.0899,300.0,ACTIVE,3732.75
10267.0,39.0,MORTGAGE,2023-03-01,586407.0,0.0549,300.0,ACTIVE,3597.55
10268.0,425.0,PERSONAL,2023-03-01,13308.0,0.0699,36.0,ACTIVE,410.85
10269.0,72.0,MORTGAGE,2023-03-01,195342.0,0.1199,300.0,ACTIVE,2055.95
10270.0,398.0,MORTGAGE,2023-03-01,484450.0,0.0549,300.0,ACTIVE,2972.05
10271.0,451.0,PERSONAL,2023-03-01,8963.0,0.0549,60.0,ACTIVE,171.16
10272.0,241.0,CREDIT_LINE,2023-03-01,24490.0,0.0399,36.0,ACTIVE,722.93
10273.0,443.0,PERSONAL,2023-03-01,3635.0,0.0899,36.0,ACTIVE,115.58
10274.0,214.0,AUTO,2023-03-01,46019.0,0.0399,48.0,ACTIVE,1038.86
10275.0,476.0,AUTO,2023-03-01,29864.0,0.0549,48.0,ACTIVE,694.4
10276.0,119.0,AUTO,2023-03-01,41387.0,0.0899,60.0,ACTIVE,858.93
10277.0,214.0,AUTO,2023-03-01,46232.0,0.0399,60.0,CLOSED,851.22
10278.0,195.0,AUTO,2023-03-01,29812.0,0.1199,36.0,ACTIVE,990.04
10279.0,393.0,AUTO,2023-03-01,44133.0,0.0699,36.0,ACTIVE,1362.5
10280.0,22.0,AUTO,2023-03-01,32915.0,0.0549,48.0,ACTIVE,765.34
10281.0,415.0,PERSONAL,2023-03-01,20537.0,0.0699,48.0,ACTIVE,491.69
10282.0,12.0,CREDIT_LINE,2023-04-01,10193.0,0.0899,60.0,DEFAULT,211.54
10283.0,158.0,MORTGAGE,2023-04-01,232493.0,0.0699,300.0,ACTIVE,1641.73
10284.0,299.0,AUTO,2023-04-01,15107.0,0.1199,48.0,ACTIVE,397.75
10285.0,73.0,MORTGAGE,2023-04-01,361110.0,0.1199,300.0,ACTIVE,3800.63
10286.0,246.0,AUTO,2023-04-01,38755.0,0.0549,36.0,ACTIVE,1170.07
10287.0,499.0,MORTGAGE,2023-04-01,442865.0,0.0899,300.0,ACTIVE,3713.47
10288.0,412.0,MORTGAGE,2023-04-01,264130.0,0.0549,300.0,ACTIVE,1620.41
10289.0,16.0,PERSONAL,2023-04-01,21059.0,0.1199,36.0,ACTIVE,699.36
10290.0,296.0,AUTO,2023-04-01,15542.0,0.0549,60.0,CLOSED,296.8
10291.0,299.0,CREDIT_LINE,2023-04-01,24898.0,0.0549,48.0,ACTIVE,578.93
10292.0,35.0,MORTGAGE,2023-04-01,570702.0,0.0899,300.0,ACTIVE,4785.4
10293.0,326.0,MORTGAGE,2023-04-01,377576.0,0.0899,300.0,ACTIVE,3166.02
10294.0,261.0,AUTO,2023-04-01,47659.0,0.0399,60.0,ACTIVE,877.5
10295.0,341.0,MORTGAGE,2023-04-01,518787.0,0.0699,300.0,ACTIVE,3663.37
10296.0,149.0,MORTGAGE,2023-04-01,237418.0,0.0549,300.0,ACTIVE,1456.54
10297.0,128.0,CREDIT_LINE,2023-04-01,21724.0,0.0899,60.0,ACTIVE,450.85
10298.0,368.0,MORTGAGE,2023-04-01,456023.0,0.0699,300.0,ACTIVE,3220.17
10299.0,361.0,MORTGAGE,2023-04-01,469500.0,0.1199,300.0,ACTIVE,4941.42
10300.0,81.0,AUTO,2023-04-01,38679.0,0.1199,60.0,CLOSED,860.2
10301.0,109.0,AUTO,2023-04-01,35471.0,0.0899,48.0,ACTIVE,882.53
10302.0,294.0,AUTO,2023-04-01,28370.0,0.0899,48.0,DEFAULT,705.85
10303.0,415.0,AUTO,2023-04-01,57942.0,0.1199,36.0,ACTIVE,1924.23
10304.0,101.0,PERSONAL,2023-05-01,20500.0,0.0399,60.0,ACTIVE,377.45
10305.0,110.0,MORTGAGE,2023-05-01,426122.0,0.0899,300.0,ACTIVE,3573.08
10306.0,404.0,AUTO,2023-05-01,21241.0,0.0899,48.0,ACTIVE,528.48
10307.0,349.0,PERSONAL,2023-05-01,25411.0,0.0399,60.0,ACTIVE,467.87
10308.0,452.0,PERSONAL,2023-05-01,9835.0,0.1199,60.0,ACTIVE,218.72
10309.0,392.0,AUTO,2023-05-01,56507.0,0.0899,60.0,ACTIVE,1172.72
10310.0,477.0,AUTO,2023-05-01,44932.0,0.0549,60.0,ACTIVE,858.05
10311.0,95.0,MORTGAGE,2023-05-01,422812.0,0.0699,300.0,ACTIVE,2985.65
10312.0,136.0,MORTGAGE,2023-05-01,236648.0,0.0699,300.0,ACTIVE,1671.07
10313.0,119.0,MORTGAGE,2023-05-01,179858.0,0.1199,300.0,ACTIVE,1892.98
10314.0,28.0,PERSONAL,2023-05-01,21267.0,0.1199,48.0,ACTIVE,559.94
10315.0,390.0,MORTGAGE,2023-05-01,258582.0,0.1199,300.0,ACTIVE,2721.54
10316.0,331.0,PERSONAL,2023-05-01,7457.0,0.0899,36.0,ACTIVE,237.1
10317.0,43.0,MORTGAGE,2023-06-01,177318.0,0.0399,300.0,ACTIVE,934.97
10318.0,100.0,PERSONAL,2023-06-01,16775.0,0.1199,48.0,ACTIVE,441.67
10319.0,96.0,PERSONAL,2023-06-01,5580.0,0.0399,60.0,ACTIVE,102.74
10320.0,202.0,MORTGAGE,2023-06-01,569211.0,0.0399,300.0,ACTIVE,3001.36
10321.0,228.0,MORTGAGE,2023-06-01,222152.0,0.0399,300.0,ACTIVE,1171.37
10322.0,145.0,MORTGAGE,2023-06-01,242606.0,0.1199,300.0,ACTIVE,2553.39
10323.0,466.0,PERSONAL,2023-06-01,21548.0,0.0699,60.0,ACTIVE,426.57
10324.0,107.0,MORTGAGE,2023-06-01,422022.0,0.0549,300.0,ACTIVE,2589.06
10325.0,281.0,AUTO,2023-06-01,21222.0,0.0399,36.0,ACTIVE,626.46
10326.0,219.0,AUTO,2023-06-01,32867.0,0.0699,60.0,ACTIVE,650.65
10327.0,194.0,PERSONAL,2023-06-01,11093.0,0.0899,48.0,ACTIVE,276.0
10328.0,413.0,AUTO,2023-06-01,25827.0,0.1199,60.0,ACTIVE,574.38
10329.0,490.0,AUTO,2023-06-01,58834.0,0.0699,60.0,ACTIVE,1164.71
10330.0,3.0,CREDIT_LINE,2023-06-01,25140.0,0.0899,36.0,ACTIVE,799.33
10331.0,232.0,MORTGAGE,2023-06-01,397029.0,0.1199,300.0,ACTIVE,4178.67
10332.0,60.0,PERSONAL,2023-07-01,4811.0,0.1199,48.0,ACTIVE,126.67
10333.0,217.0,MORTGAGE,2023-07-01,403354.0,0.0549,300.0,ACTIVE,2474.54
10334.0,309.0,AUTO,2023-07-01,53843.0,0.1199,36.0,ACTIVE,1788.1
10335.0,206.0,PERSONAL,2023-07-01,20286.0,0.0699,60.0,ACTIVE,401.59
10336.0,155.0,PERSONAL,2023-07-01,17234.0,0.1199,60.0,ACTIVE,383.27
10337.0,157.0,PERSONAL,2023-07-01,20169.0,0.0399,48.0,ACTIVE,455.31
10338.0,150.0,MORTGAGE,2023-07-01,209750.0,0.0399,300.0,ACTIVE,1105.98
10339.0,163.0,AUTO,2023-07-01,19957.0,0.1199,36.0,ACTIVE,662.76
10340.0,187.0,AUTO,2023-07-01,18444.0,0.0899,60.0,ACTIVE,382.78
10341.0,344.0,AUTO,2023-07-01,46138.0,0.0399,36.0,ACTIVE,1361.97
10342.0,49.0,AUTO,2023-07-01,36517.0,0.1199,36.0,ACTIVE,1212.71
10343.0,21.0,AUTO,2023-07-01,44158.0,0.0399,48.0,ACTIVE,996.85
10344.0,259.0,AUTO,2023-07-01,53316.0,0.0899,48.0,ACTIVE,1326.52
10345.0,341.0,MORTGAGE,2023-07-01,523149.0,0.0549,300.0,DEFAULT,3209.47
10346.0,130.0,AUTO,2023-07-01,38738.0,0.0399,48.0,DEFAULT,874.49
10347.0,101.0,MORTGAGE,2023-07-01,417343.0,0.1199,300.0,ACTIVE,4392.47
10348.0,313.0,PERSONAL,2023-07-01,4148.0,0.1199,48.0,ACTIVE,109.21
10349.0,193.0,PERSONAL,2023-07-01,10746.0,0.0399,60.0,ACTIVE,197.86
10350.0,369.0,MORTGAGE,2023-07-01,276344.0,0.0399,300.0,ACTIVE,1457.12
10351.0,74.0,PERSONAL,2023-08-01,6989.0,0.0899,48.0,ACTIVE,173.89
10352.0,61.0,PERSONAL,2023-08-01,9647.0,0.0399,48.0,ACTIVE,217.78
10353.0,277.0,MORTGAGE,2023-08-01,188016.0,0.0899,300.0,ACTIVE,1576.54
10354.0,197.0,MORTGAGE,2023-08-01,328499.0,0.1199,300.0,ACTIVE,3457.4
10355.0,365.0,MORTGAGE,2023-08-01,498488.0,0.0899,300.0,ACTIVE,4179.88
10356.0,254.0,MORTGAGE,2023-08-01,445665.0,0.0549,300.0,ACTIVE,2734.11
10357.0,178.0,PERSONAL,2023-08-01,20650.0,0.0399,60.0,ACTIVE,380.21
10358.0,80.0,CREDIT_LINE,2023-08-01,24073.0,0.0899,60.0,ACTIVE,499.6
10359.0,82.0,MORTGAGE,2023-08-01,199837.0,0.0399,300.0,ACTIVE,1053.71
10360.0,378.0,PERSONAL,2023-08-01,19271.0,0.0699,60.0,DEFAULT,381.5
10361.0,114.0,MORTGAGE,2023-08-01,185777.0,0.0699,300.0,ACTIVE,1311.85
10362.0,252.0,AUTO,2023-08-01,47550.0,0.0899,36.0,ACTIVE,1511.86
10363.0,410.0,PERSONAL,2023-08-01,24348.0,0.0549,60.0,ACTIVE,464.96
10364.0,449.0,AUTO,2023-08-01,50501.0,0.0899,36.0,DEFAULT,1605.68
10365.0,134.0,MORTGAGE,2023-08-01,281821.0,0.0899,300.0,CLOSED,2363.1
10366.0,55.0,AUTO,2023-08-01,59892.0,0.0549,48.0,ACTIVE,1392.6
10367.0,388.0,CREDIT_LINE,2023-08-01,5851.0,0.0549,36.0,ACTIVE,176.65
10368.0,344.0,MORTGAGE,2023-08-01,369836.0,0.0399,300.0,ACTIVE,1950.09
10369.0,166.0,MORTGAGE,2023-08-01,492932.0,0.0699,300.0,ACTIVE,3480.8
10370.0,297.0,MORTGAGE,2023-08-01,351972.0,0.0549,300.0,CLOSED,2159.31
10371.0,95.0,AUTO,2023-08-01,17447.0,0.0399,48.0,ACTIVE,393.86
10372.0,351.0,AUTO,2023-08-01,36290.0,0.0699,60.0,ACTIVE,718.41
10373.0,364.0,PERSONAL,2023-09-01,14064.0,0.0699,36.0,ACTIVE,434.19
10374.0,150.0,PERSONAL,2023-09-01,10680.0,0.0399,48.0,ACTIVE,241.1
10375.0,235.0,PERSONAL,2023-09-01,12927.0,0.0399,36.0,ACTIVE,381.6
10376.0,168.0,PERSONAL,2023-09-01,29748.0,0.0399,48.0,ACTIVE,671.55
10377.0,16.0,MORTGAGE,2023-09-01,576666.0,0.0899,300.0,ACTIVE,4835.41
10378.0,64.0,AUTO,2023-09-01,17882.0,0.0549,48.0,ACTIVE,415.79
10379.0,480.0,MORTGAGE,2023-09-01,191201.0,0.0399,300.0,CLOSED,1008.17
10380.0,229.0,AUTO,2023-09-01,47208.0,0.0399,48.0,ACTIVE,1065.7
10381.0,74.0,CREDIT_LINE,2023-09-01,21203.0,0.1199,48.0,CLOSED,558.25
10382.0,23.0,PERSONAL,2023-09-01,24411.0,0.0549,48.0,ACTIVE,567.6
10383.0,177.0,CREDIT_LINE,2023-09-01,25546.0,0.0899,48.0,ACTIVE,635.59
10384.0,492.0,AUTO,2023-09-01,27749.0,0.0699,36.0,ACTIVE,856.68
10385.0,193.0,AUTO,2023-09-01,53734.0,0.0399,36.0,ACTIVE,1586.2
10386.0,500.0,AUTO,2023-10-01,37466.0,0.0549,48.0,ACTIVE,871.16
10387.0,245.0,MORTGAGE,2023-10-01,484049.0,0.0399,300.0,ACTIVE,2552.32
10388.0,382.0,MORTGAGE,2023-10-01,416693.0,0.0899,300.0,ACTIVE,3494.02
10389.0,393.0,AUTO,2023-10-01,44655.0,0.0549,48.0,ACTIVE,1038.31
10390.0,15.0,MORTGAGE,2023-10-01,200722.0,0.0699,300.0,ACTIVE,1417.38
10391.0,4.0,CREDIT_LINE,2023-10-01,2870.0,0.0399,60.0,CLOSED,52.84
10392.0,462.0,MORTGAGE,2023-10-01,228759.0,0.1199,300.0,DEFAULT,2407.65
10393.0,467.0,MORTGAGE,2023-10-01,291369.0,0.0549,300.0,CLOSED,1787.52
10394.0,67.0,PERSONAL,2023-10-01,12292.0,0.0699,48.0,ACTIVE,294.29
10395.0,323.0,MORTGAGE,2023-10-01,213580.0,0.1199,300.0,CLOSED,2247.9
10396.0,462.0,CREDIT_LINE,2023-10-01,10010.0,0.0899,36.0,ACTIVE,318.27
10397.0,476.0,PERSONAL,2023-10-01,9580.0,0.0899,60.0,CLOSED,198.82
10398.0,149.0,MORTGAGE,2023-10-01,532393.0,0.1199,300.0,ACTIVE,5603.36
10399.0,409.0,PERSONAL,2023-10-01,11179.0,0.0399,36.0,ACTIVE,330.0
10400.0,324.0,PERSONAL,2023-10-01,24489.0,0.1199,48.0,CLOSED,644.77
10401.0,464.0,PERSONAL,2023-11-01,28196.0,0.0699,36.0,ACTIVE,870.48
10402.0,74.0,PERSONAL,2023-11-01,19797.0,0.0699,36.0,ACTIVE,611.18
10403.0,301.0,PERSONAL,2023-11-01,19482.0,0.0549,36.0,ACTIVE,588.19
10404.0,13.0,AUTO,2023-11-01,47727.0,0.0899,48.0,ACTIVE,1187.46
10405.0,179.0,AUTO,2023-11-01,40313.0,0.1199,36.0,ACTIVE,1338.78
10406.0,6.0,PERSONAL,2023-11-01,13844.0,0.0899,36.0,DEFAULT,440.17
10407.0,222.0,CREDIT_LINE,2023-11-01,19385.0,0.0399,48.0,CLOSED,437.61
10408.0,406.0,AUTO,2023-11-01,55560.0,0.0699,48.0,CLOSED,1330.2
10409.0,330.0,PERSONAL,2023-11-01,13584.0,0.0899,36.0,ACTIVE,431.9
10410.0,159.0,AUTO,2023-11-01,35162.0,0.0549,48.0,ACTIVE,817.58
10411.0,214.0,PERSONAL,2023-11-01,15165.0,0.0899,36.0,ACTIVE,482.17
10412.0,184.0,CREDIT_LINE,2023-11-01,9994.0,0.0899,60.0,ACTIVE,207.41
10413.0,366.0,MORTGAGE,2023-11-01,593414.0,0.0399,300.0,ACTIVE,3128.98
10414.0,134.0,MORTGAGE,2023-11-01,207990.0,0.0699,300.0,ACTIVE,1468.7
10415.0,46.0,AUTO,2023-11-01,40287.0,0.0399,36.0,DEFAULT,1189.25
10416.0,254.0,AUTO,2023-11-01,59559.0,0.0699,60.0,ACTIVE,1179.06
10417.0,415.0,AUTO,2023-11-01,29795.0,0.0549,48.0,ACTIVE,692.79
10418.0,239.0,MORTGAGE,2023-11-01,560155.0,0.1199,300.0,ACTIVE,5895.55
10419.0,103.0,AUTO,2023-11-01,29505.0,0.1199,60.0,ACTIVE,656.17
10420.0,24.0,AUTO,2023-11-01,34822.0,0.0699,36.0,ACTIVE,1075.04
10421.0,472.0,AUTO,2023-11-01,15318.0,0.0699,36.0,ACTIVE,472.91
10422.0,381.0,PERSONAL,2023-11-01,14220.0,0.0899,60.0,ACTIVE,295.11
10423.0,78.0,PERSONAL,2023-11-01,9923.0,0.0899,36.0,ACTIVE,315.5
10424.0,37.0,PERSONAL,2023-12-01,11998.0,0.0899,48.0,ACTIVE,298.51
10425.0,65.0,PERSONAL,2023-12-01,21111.0,0.0899,36.0,ACTIVE,671.23
10426.0,189.0,PERSONAL,2023-12-01,26140.0,0.1199,36.0,ACTIVE,868.1
10427.0,406.0,AUTO,2023-12-01,23453.0,0.1199,36.0,ACTIVE,778.86
10428.0,80.0,PERSONAL,2023-12-01,16397.0,0.0399,36.0,ACTIVE,484.03
10429.0,410.0,MORTGAGE,2023-12-01,494125.0,0.0699,300.0,ACTIVE,3489.22
10430.0,1.0,MORTGAGE,2023-12-01,350240.0,0.0699,300.0,ACTIVE,2473.19
10431.0,370.0,AUTO,2023-12-01,31396.0,0.0699,36.0,CLOSED,969.27
10432.0,142.0,PERSONAL,2023-12-01,3179.0,0.0699,48.0,ACTIVE,76.11
10433.0,481.0,PERSONAL,2023-12-01,28854.0,0.0899,36.0,ACTIVE,917.42
10434.0,238.0,MORTGAGE,2023-12-01,244776.0,0.0699,300.0,ACTIVE,1728.46
10435.0,136.0,AUTO,2023-12-01,30150.0,0.0549,60.0,ACTIVE,575.76
10436.0,122.0,MORTGAGE,2023-12-01,229166.0,0.0699,300.0,ACTIVE,1618.24
10437.0,414.0,PERSONAL,2023-12-01,22504.0,0.1199,60.0,CLOSED,500.48
10438.0,202.0,PERSONAL,2024-01-01,19852.0,0.0549,36.0,ACTIVE,599.36
10439.0,177.0,AUTO,2024-01-01,49044.0,0.0399,36.0,ACTIVE,1447.76
10440.0,368.0,AUTO,2024-01-01,26836.0,0.1199,60.0,ACTIVE,596.82
10441.0,269.0,AUTO,2024-01-01,29764.0,0.0399,36.0,ACTIVE,878.62
10442.0,332.0,AUTO,2024-01-01,57215.0,0.0899,60.0,CLOSED,1187.41
10443.0,223.0,PERSONAL,2024-01-01,9932.0,0.1199,48.0,ACTIVE,261.5
10444.0,33.0,PERSONAL,2024-01-01,16811.0,0.0549,36.0,ACTIVE,507.55
10445.0,3.0,AUTO,2024-01-01,46134.0,0.0549,60.0,ACTIVE,881.0
10446.0,20.0,AUTO,2024-01-01,51573.0,0.0549,48.0,ACTIVE,1199.17
10447.0,288.0,MORTGAGE,2024-01-01,193895.0,0.0399,300.0,ACTIVE,1022.38
10448.0,257.0,MORTGAGE,2024-01-01,521236.0,0.0399,300.0,ACTIVE,2748.4
10449.0,374.0,MORTGAGE,2024-01-01,441801.0,0.0399,300.0,ACTIVE,2329.55
10450.0,448.0,AUTO,2024-01-01,16352.0,0.0699,60.0,ACTIVE,323.71
10451.0,88.0,CREDIT_LINE,2024-01-01,12946.0,0.0699,36.0,CLOSED,399.68
10452.0,479.0,AUTO,2024-01-01,22153.0,0.0399,48.0,ACTIVE,500.09
10453.0,466.0,MORTGAGE,2024-01-01,426572.0,0.1199,300.0,ACTIVE,4489.61
10454.0,308.0,MORTGAGE,2024-01-01,539221.0,0.0899,300.0,ACTIVE,4521.43
10455.0,266.0,AUTO,2024-01-01,50202.0,0.0399,60.0,ACTIVE,924.32
10456.0,89.0,PERSONAL,2024-01-01,12617.0,0.1199,48.0,ACTIVE,332.19
10457.0,90.0,AUTO,2024-01-01,57190.0,0.0399,60.0,ACTIVE,1052.98
10458.0,10.0,PERSONAL,2024-01-01,6048.0,0.0699,36.0,ACTIVE,186.72
10459.0,323.0,PERSONAL,2024-02-01,14251.0,0.0699,36.0,ACTIVE,439.96
10460.0,217.0,MORTGAGE,2024-02-01,529699.0,0.0699,300.0,ACTIVE,3740.42
10461.0,96.0,PERSONAL,2024-02-01,21774.0,0.1199,48.0,ACTIVE,573.29
10462.0,67.0,CREDIT_LINE,2024-02-01,14163.0,0.1199,48.0,ACTIVE,372.9
10463.0,32.0,AUTO,2024-02-01,50633.0,0.0549,36.0,ACTIVE,1528.68
10464.0,321.0,MORTGAGE,2024-02-01,253706.0,0.0699,300.0,ACTIVE,1791.52
10465.0,343.0,CREDIT_LINE,2024-02-01,15159.0,0.1199,60.0,ACTIVE,337.13
10466.0,316.0,PERSONAL,2024-02-01,24681.0,0.0899,60.0,DEFAULT,512.22
10467.0,56.0,AUTO,2024-02-01,50530.0,0.1199,60.0,ACTIVE,1123.76
10468.0,21.0,AUTO,2024-02-01,30693.0,0.0699,48.0,ACTIVE,734.84
10469.0,54.0,MORTGAGE,2024-02-01,260014.0,0.0549,300.0,ACTIVE,1595.16
10470.0,376.0,PERSONAL,2024-02-01,2225.0,0.0699,36.0,ACTIVE,68.69
10471.0,370.0,AUTO,2024-02-01,27968.0,0.1199,36.0,ACTIVE,928.8
10472.0,148.0,MORTGAGE,2024-02-01,293788.0,0.1199,300.0,ACTIVE,3092.08
10473.0,28.0,PERSONAL,2024-02-01,28579.0,0.0899,48.0,ACTIVE,711.05
10474.0,160.0,CREDIT_LINE,2024-02-01,17533.0,0.0899,36.0,ACTIVE,557.46
10475.0,405.0,PERSONAL,2024-02-01,11075.0,0.0699,48.0,ACTIVE,265.15
10476.0,72.0,MORTGAGE,2024-02-01,561266.0,0.0549,300.0,ACTIVE,3443.31
10477.0,399.0,MORTGAGE,2024-03-01,334365.0,0.0699,300.0,DEFAULT,2361.09
10478.0,232.0,CREDIT_LINE,2024-03-01,2142.0,0.0699,60.0,DEFAULT,42.4
10479.0,71.0,CREDIT_LINE,2024-03-01,9206.0,0.1199,48.0,ACTIVE,242.38
10480.0,467.0,AUTO,2024-03-01,36743.0,0.0699,48.0,ACTIVE,879.69
10481.0,260.0,PERSONAL,2024-03-01,19363.0,0.0899,60.0,ACTIVE,401.85
10482.0,336.0,AUTO,2024-03-01,50723.0,0.0399,60.0,ACTIVE,933.91
10483.0,49.0,AUTO,2024-03-01,58504.0,0.0899,36.0,ACTIVE,1860.14
10484.0,186.0,MORTGAGE,2024-03-01,292516.0,0.0699,300.0,ACTIVE,2065.58
10485.0,317.0,MORTGAGE,2024-03-01,157315.0,0.1199,300.0,DEFAULT,1655.72
10486.0,323.0,MORTGAGE,2024-03-01,389042.0,0.0699,300.0,ACTIVE,2747.19
10487.0,32.0,PERSONAL,2024-03-01,7703.0,0.0699,36.0,ACTIVE,237.81
10488.0,303.0,MORTGAGE,2024-03-01,181116.0,0.0399,300.0,ACTIVE,955.0
10489.0,473.0,MORTGAGE,2024-03-01,517093.0,0.1199,300.0,ACTIVE,5442.33
10490.0,394.0,AUTO,2024-03-01,36065.0,0.0899,60.0,CLOSED,748.48
10491.0,104.0,MORTGAGE,2024-03-01,475601.0,0.1199,300.0,ACTIVE,5005.63
10492.0,457.0,MORTGAGE,2024-03-01,193447.0,0.0399,300.0,ACTIVE,1020.02
10493.0,342.0,AUTO,2024-03-01,39870.0,0.0549,48.0,ACTIVE,927.05
10494.0,29.0,AUTO,2024-03-01,46004.0,0.1199,60.0,ACTIVE,1023.1
10495.0,65.0,PERSONAL,2024-03-01,13544.0,0.0399,36.0,ACTIVE,399.81
10496.0,461.0,CREDIT_LINE,2024-03-01,7791.0,0.0699,36.0,ACTIVE,240.53
10497.0,105.0,MORTGAGE,2024-03-01,301870.0,0.0699,300.0,ACTIVE,2131.63
10498.0,49.0,CREDIT_LINE,2024-03-01,6355.0,0.1199,48.0,ACTIVE,167.32
10499.0,226.0,CREDIT_LINE,2024-03-01,28682.0,0.1199,36.0,ACTIVE,952.52
10500.0,263.0,PERSONAL,2024-03-01,6020.0,0.1199,60.0,ACTIVE,133.88
10501.0,287.0,PERSONAL,2024-03-01,2559.0,0.0549,36.0,ACTIVE,77.26
10502.0,330.0,PERSONAL,2024-03-01,24850.0,0.0699,60.0,ACTIVE,491.94
10503.0,500.0,PERSONAL,2024-03-01,13720.0,0.0899,60.0,ACTIVE,284.74
10504.0,380.0,PERSONAL,2024-03-01,11995.0,0.1199,60.0,ACTIVE,266.76
10505.0,13.0,MORTGAGE,2024-04-01,249878.0,0.0399,300.0,ACTIVE,1317.57
10506.0,45.0,CREDIT_LINE,2024-04-01,16644.0,0.1199,60.0,ACTIVE,370.15
10507.0,1.0,AUTO,2024-04-01,46735.0,0.0549,36.0,ACTIVE,1410.99
10508.0,198.0,PERSONAL,2024-04-01,15092.0,0.0399,48.0,DEFAULT,340.7
10509.0,176.0,AUTO,2024-04-01,52724.0,0.0899,60.0,ACTIVE,1094.21
10510.0,467.0,MORTGAGE,2024-04-01,286132.0,0.0899,300.0,ACTIVE,2399.25
10511.0,184.0,AUTO,2024-04-01,40334.0,0.0399,60.0,ACTIVE,742.63
10512.0,16.0,AUTO,2024-04-01,39627.0,0.0399,60.0,ACTIVE,729.61
10513.0,442.0,AUTO,2024-04-01,46499.0,0.1199,60.0,ACTIVE,1034.11
10514.0,131.0,AUTO,2024-04-01,23958.0,0.1199,36.0,ACTIVE,795.63
10515.0,457.0,MORTGAGE,2024-04-01,292323.0,0.0399,300.0,ACTIVE,1541.37
10516.0,388.0,AUTO,2024-04-01,24840.0,0.1199,36.0,ACTIVE,824.92
10517.0,441.0,AUTO,2024-04-01,45437.0,0.1199,36.0,ACTIVE,1508.94
10518.0,410.0,CREDIT_LINE,2024-04-01,4420.0,0.1199,36.0,ACTIVE,146.79
10519.0,72.0,MORTGAGE,2024-04-01,354126.0,0.0549,300.0,ACTIVE,2172.53
10520.0,314.0,AUTO,2024-04-01,50597.0,0.0699,48.0,CLOSED,1211.37
10521.0,207.0,MORTGAGE,2024-04-01,396066.0,0.1199,300.0,ACTIVE,4168.54
10522.0,315.0,AUTO,2024-04-01,42784.0,0.1199,60.0,ACTIVE,951.49
10523.0,373.0,AUTO,2024-04-01,37426.0,0.0899,60.0,ACTIVE,776.72
10524.0,251.0,PERSONAL,2024-04-01,16340.0,0.0399,36.0,ACTIVE,482.35
10525.0,157.0,CREDIT_LINE,2024-04-01,5988.0,0.0399,48.0,ACTIVE,135.18
10526.0,459.0,MORTGAGE,2024-04-01,226357.0,0.0549,300.0,ACTIVE,1388.68
10527.0,332.0,PERSONAL,2024-04-01,20572.0,0.0399,36.0,ACTIVE,607.28
10528.0,443.0,MORTGAGE,2024-05-01,230095.0,0.0399,300.0,ACTIVE,1213.26
10529.0,119.0,MORTGAGE,2024-05-01,532618.0,0.0399,300.0,ACTIVE,2808.41
10530.0,420.0,AUTO,2024-05-01,38821.0,0.0899,60.0,ACTIVE,805.67
10531.0,162.0,MORTGAGE,2024-05-01,584061.0,0.0699,300.0,CLOSED,4124.3
10532.0,231.0,PERSONAL,2024-05-01,25514.0,0.0699,48.0,ACTIVE,610.85
10533.0,431.0,PERSONAL,2024-05-01,27889.0,0.1199,48.0,ACTIVE,734.29
10534.0,178.0,PERSONAL,2024-05-01,28594.0,0.0699,48.0,ACTIVE,684.59
10535.0,126.0,AUTO,2024-05-01,51736.0,0.0699,60.0,ACTIVE,1024.19
10536.0,458.0,PERSONAL,2024-05-01,22791.0,0.0549,48.0,CLOSED,529.93
10537.0,483.0,AUTO,2024-05-01,47267.0,0.0699,48.0,ACTIVE,1131.65
10538.0,156.0,MORTGAGE,2024-05-01,294573.0,0.0399,300.0,ACTIVE,1553.24
10539.0,154.0,MORTGAGE,2024-05-01,325624.0,0.0699,300.0,ACTIVE,2299.37
10540.0,114.0,PERSONAL,2024-05-01,26407.0,0.1199,36.0,ACTIVE,876.96
10541.0,12.0,CREDIT_LINE,2024-05-01,5737.0,0.0699,48.0,ACTIVE,137.35
10542.0,277.0,MORTGAGE,2024-05-01,221408.0,0.0549,300.0,DEFAULT,1358.32
10543.0,128.0,AUTO,2024-05-01,53439.0,0.0899,60.0,ACTIVE,1109.05
10544.0,425.0,PERSONAL,2024-05-01,14019.0,0.1199,48.0,ACTIVE,369.11
10545.0,86.0,PERSONAL,2024-05-01,6013.0,0.0699,60.0,ACTIVE,119.04
10546.0,318.0,AUTO,2024-05-01,58648.0,0.0549,60.0,ACTIVE,1119.97
10547.0,254.0,PERSONAL,2024-05-01,24688.0,0.0899,48.0,DEFAULT,614.24
10548.0,306.0,PERSONAL,2024-05-01,23233.0,0.0399,60.0,ACTIVE,427.77
10549.0,57.0,PERSONAL,2024-05-01,21736.0,0.1199,48.0,ACTIVE,572.29
10550.0,234.0,MORTGAGE,2024-06-01,467767.0,0.0549,300.0,ACTIVE,2869.71
10551.0,314.0,CREDIT_LINE,2024-06-01,16849.0,0.0549,48.0,ACTIVE,391.77
10552.0,171.0,MORTGAGE,2024-06-01,280758.0,0.0899,300.0,ACTIVE,2354.19
10553.0,438.0,PERSONAL,2024-06-01,12482.0,0.0399,36.0,ACTIVE,368.46
10554.0,265.0,MORTGAGE,2024-06-01,176914.0,0.0549,300.0,ACTIVE,1085.35
10555.0,182.0,MORTGAGE,2024-06-01,454208.0,0.0399,300.0,ACTIVE,2394.97
10556.0,16.0,MORTGAGE,2024-06-01,410845.0,0.0549,300.0,ACTIVE,2520.49
10557.0,85.0,AUTO,2024-06-01,37345.0,0.0699,36.0,ACTIVE,1152.93
10558.0,239.0,AUTO,2024-06-01,34320.0,0.0399,48.0,ACTIVE,774.76
10559.0,201.0,MORTGAGE,2024-06-01,440892.0,0.0549,300.0,ACTIVE,2704.83
10560.0,436.0,AUTO,2024-06-01,42511.0,0.0899,48.0,ACTIVE,1057.69
10561.0,393.0,AUTO,2024-06-01,45661.0,0.1199,36.0,ACTIVE,1516.38
10562.0,80.0,PERSONAL,2024-06-01,21392.0,0.0399,36.0,ACTIVE,631.48
10563.0,296.0,PERSONAL,2024-06-01,24956.0,0.0899,48.0,ACTIVE,620.91
10564.0,228.0,PERSONAL,2024-06-01,6413.0,0.0399,48.0,ACTIVE,144.77
10565.0,51.0,MORTGAGE,2024-06-01,285807.0,0.0699,300.0,ACTIVE,2018.2
10566.0,333.0,MORTGAGE,2024-07-01,456479.0,0.1199,300.0,ACTIVE,4804.37
10567.0,269.0,CREDIT_LINE,2024-07-01,15286.0,0.0899,36.0,ACTIVE,486.02
10568.0,44.0,MORTGAGE,2024-07-01,319089.0,0.0549,300.0,ACTIVE,1957.58
10569.0,235.0,AUTO,2024-07-01,59457.0,0.0549,48.0,ACTIVE,1382.49
10570.0,366.0,CREDIT_LINE,2024-07-01,9938.0,0.0899,48.0,ACTIVE,247.26
10571.0,164.0,CREDIT_LINE,2024-07-01,12818.0,0.1199,60.0,DEFAULT,285.06
10572.0,179.0,AUTO,2024-07-01,35059.0,0.0549,48.0,ACTIVE,815.19
10573.0,56.0,PERSONAL,2024-07-01,13085.0,0.0399,48.0,ACTIVE,295.39
10574.0,103.0,AUTO,2024-07-01,55131.0,0.0699,36.0,ACTIVE,1702.03
10575.0,491.0,PERSONAL,2024-07-01,10537.0,0.0899,36.0,ACTIVE,335.02
10576.0,311.0,MORTGAGE,2024-07-01,218156.0,0.0699,300.0,ACTIVE,1540.49
10577.0,89.0,MORTGAGE,2024-07-01,221771.0,0.1199,300.0,ACTIVE,2334.11
10578.0,242.0,PERSONAL,2024-07-01,27780.0,0.1199,48.0,ACTIVE,731.42
10579.0,97.0,MORTGAGE,2024-07-01,452997.0,0.0899,300.0,ACTIVE,3798.43
10580.0,222.0,PERSONAL,2024-07-01,12839.0,0.0399,36.0,ACTIVE,379.0
10581.0,73.0,AUTO,2024-07-01,39450.0,0.1199,48.0,ACTIVE,1038.68
10582.0,310.0,PERSONAL,2024-07-01,23645.0,0.0899,48.0,ACTIVE,588.29
10583.0,286.0,PERSONAL,2024-07-01,14054.0,0.0549,36.0,ACTIVE,424.31
10584.0,317.0,AUTO,2024-07-01,38755.0,0.0699,48.0,ACTIVE,927.86
10585.0,222.0,PERSONAL,2024-08-01,8099.0,0.1199,48.0,ACTIVE,213.24
10586.0,143.0,MORTGAGE,2024-08-01,563326.0,0.1199,300.0,ACTIVE,5928.92
10587.0,125.0,AUTO,2024-08-01,54070.0,0.0699,48.0,ACTIVE,1294.52
10588.0,108.0,MORTGAGE,2024-08-01,511115.0,0.0399,300.0,ACTIVE,2695.03
10589.0,215.0,PERSONAL,2024-08-01,11688.0,0.0899,36.0,ACTIVE,371.62
10590.0,226.0,PERSONAL,2024-08-01,9614.0,0.0899,60.0,ACTIVE,199.52
10591.0,337.0,CREDIT_LINE,2024-08-01,27842.0,0.0399,48.0,ACTIVE,628.52
10592.0,27.0,PERSONAL,2024-08-01,3826.0,0.1199,60.0,ACTIVE,85.09
10593.0,141.0,CREDIT_LINE,2024-08-01,7805.0,0.0549,36.0,ACTIVE,235.64
10594.0,427.0,MORTGAGE,2024-08-01,457547.0,0.1199,300.0,ACTIVE,4815.61
10595.0,458.0,CREDIT_LINE,2024-08-01,17681.0,0.0699,48.0,ACTIVE,423.31
10596.0,466.0,AUTO,2024-08-01,45559.0,0.0549,60.0,ACTIVE,870.02
10597.0,154.0,AUTO,2024-08-01,19886.0,0.0399,60.0,ACTIVE,366.14
10598.0,69.0,AUTO,2024-09-01,56956.0,0.0399,36.0,ACTIVE,1681.31
10599.0,100.0,AUTO,2024-09-01,21908.0,0.0899,36.0,ACTIVE,696.57
10600.0,66.0,MORTGAGE,2024-09-01,430934.0,0.0549,300.0,ACTIVE,2643.74
10601.0,478.0,MORTGAGE,2024-09-01,460003.0,0.1199,300.0,ACTIVE,4841.46
10602.0,442.0,MORTGAGE,2024-09-01,479871.0,0.0549,300.0,CLOSED,2943.96
10603.0,406.0,AUTO,2024-09-01,36797.0,0.1199,48.0,ACTIVE,968.83
10604.0,365.0,PERSONAL,2024-09-01,20258.0,0.1199,36.0,ACTIVE,672.76
10605.0,172.0,PERSONAL,2024-09-01,16879.0,0.0399,36.0,ACTIVE,498.26
10606.0,238.0,AUTO,2024-09-01,59049.0,0.0899,48.0,ACTIVE,1469.16
10607.0,421.0,AUTO,2024-09-01,15742.0,0.1199,60.0,ACTIVE,350.09
10608.0,408.0,AUTO,2024-09-01,16173.0,0.0549,36.0,ACTIVE,488.29
10609.0,260.0,MORTGAGE,2024-09-01,194242.0,0.0399,300.0,ACTIVE,1024.21
10610.0,419.0,PERSONAL,2024-09-01,21689.0,0.1199,48.0,ACTIVE,571.05
10611.0,174.0,MORTGAGE,2024-09-01,169330.0,0.0699,300.0,ACTIVE,1195.71
10612.0,207.0,PERSONAL,2024-09-01,18977.0,0.0399,60.0,ACTIVE,349.4
10613.0,420.0,PERSONAL,2024-09-01,15918.0,0.1199,60.0,ACTIVE,354.01
10614.0,189.0,AUTO,2024-09-01,28417.0,0.0899,48.0,ACTIVE,707.02
10615.0,377.0,PERSONAL,2024-09-01,9379.0,0.0399,60.0,ACTIVE,172.69
10616.0,227.0,MORTGAGE,2024-10-01,407035.0,0.0549,300.0,ACTIVE,2497.12
10617.0,149.0,PERSONAL,2024-10-01,11595.0,0.0399,60.0,ACTIVE,213.49
10618.0,110.0,PERSONAL,2024-10-01,10121.0,0.1199,36.0,CLOSED,336.11
10619.0,304.0,PERSONAL,2024-10-01,20174.0,0.0399,36.0,DEFAULT,595.53
10620.0,240.0,PERSONAL,2024-10-01,13322.0,0.0899,48.0,ACTIVE,331.46
10621.0,185.0,PERSONAL,2024-10-01,15935.0,0.0699,36.0,ACTIVE,491.95
10622.0,372.0,CREDIT_LINE,2024-10-01,24352.0,0.0699,36.0,ACTIVE,751.81
10623.0,1.0,AUTO,2024-10-01,28661.0,0.1199,48.0,ACTIVE,754.61
10624.0,47.0,PERSONAL,2024-10-01,12077.0,0.1199,48.0,ACTIVE,317.97
10625.0,481.0,PERSONAL,2024-10-01,4045.0,0.0399,36.0,ACTIVE,119.41
10626.0,332.0,AUTO,2024-10-01,47964.0,0.0399,36.0,CLOSED,1415.88
10627.0,275.0,CREDIT_LINE,2024-10-01,7198.0,0.0399,36.0,CLOSED,212.48
10628.0,8.0,AUTO,2024-10-01,39320.0,0.0899,48.0,ACTIVE,978.29
10629.0,300.0,AUTO,2024-10-01,54864.0,0.0699,60.0,ACTIVE,1086.11
10630.0,218.0,MORTGAGE,2024-10-01,181722.0,0.0399,300.0,ACTIVE,958.19
10631.0,300.0,MORTGAGE,2024-10-01,178648.0,0.0549,300.0,ACTIVE,1095.99
10632.0,21.0,PERSONAL,2024-11-01,25278.0,0.0699,48.0,CLOSED,605.2
10633.0,276.0,AUTO,2024-11-01,29851.0,0.0899,36.0,ACTIVE,949.11
10634.0,289.0,AUTO,2024-11-01,44398.0,0.0549,36.0,ACTIVE,1340.44
10635.0,146.0,MORTGAGE,2024-11-01,437772.0,0.1199,300.0,ACTIVE,4607.49
10636.0,28.0,AUTO,2024-11-01,33980.0,0.1199,48.0,ACTIVE,894.66
10637.0,486.0,PERSONAL,2024-11-01,7873.0,0.0899,48.0,ACTIVE,195.88
10638.0,355.0,PERSONAL,2024-11-01,22818.0,0.0699,48.0,ACTIVE,546.3
10639.0,311.0,MORTGAGE,2024-11-01,470272.0,0.1199,300.0,ACTIVE,4949.54
10640.0,384.0,AUTO,2024-11-01,22258.0,0.0899,48.0,ACTIVE,553.79
10641.0,336.0,AUTO,2024-11-01,20150.0,0.0699,60.0,ACTIVE,398.9
10642.0,68.0,PERSONAL,2024-11-01,25982.0,0.0699,60.0,ACTIVE,514.35
10643.0,228.0,AUTO,2024-11-01,53338.0,0.1199,36.0,ACTIVE,1771.33
10644.0,445.0,AUTO,2024-11-01,35678.0,0.0699,60.0,ACTIVE,706.3
10645.0,144.0,AUTO,2024-11-01,53865.0,0.0399,36.0,ACTIVE,1590.07
10646.0,487.0,AUTO,2024-11-01,44103.0,0.1199,36.0,ACTIVE,1464.64
10647.0,33.0,AUTO,2024-11-01,39893.0,0.0399,48.0,ACTIVE,900.57
10648.0,166.0,AUTO,2024-12-01,27668.0,0.0899,36.0,ACTIVE,879.71
10649.0,176.0,PERSONAL,2024-12-01,28442.0,0.0899,48.0,ACTIVE,707.65
10650.0,309.0,PERSONAL,2024-12-01,23024.0,0.0699,36.0,ACTIVE,710.81
10651.0,89.0,AUTO,2024-12-01,38365.0,0.0399,48.0,ACTIVE,866.07
10652.0,115.0,PERSONAL,2024-12-01,5131.0,0.0699,60.0,ACTIVE,101.58
10653.0,332.0,PERSONAL,2024-12-01,3930.0,0.1199,60.0,ACTIVE,87.4
10654.0,143.0,MORTGAGE,2024-12-01,367281.0,0.0549,300.0,ACTIVE,2253.23
10655.0,440.0,AUTO,2024-12-01,50959.0,0.0899,48.0,ACTIVE,1267.87
10656.0,436.0,MORTGAGE,2024-12-01,170803.0,0.1199,300.0,ACTIVE,1797.68
10657.0,152.0,PERSONAL,2024-12-01,29694.0,0.1199,48.0,ACTIVE,781.81
10658.0,280.0,MORTGAGE,2024-12-01,533550.0,0.0699,300.0,ACTIVE,3767.62
10659.0,167.0,PERSONAL,2024-12-01,28513.0,0.0549,60.0,DEFAULT,544.5
10660.0,173.0,MORTGAGE,2024-12-01,502219.0,0.0899,300.0,ACTIVE,4211.16
10661.0,336.0,AUTO,2024-12-01,43021.0,0.0699,36.0,CLOSED,1328.17
10662.0,147.0,CREDIT_LINE,2024-12-01,3636.0,0.0899,60.0,ACTIVE,75.46
10663.0,75.0,AUTO,2024-12-01,38144.0,0.0899,60.0,CLOSED,791.62
10664.0,130.0,PERSONAL,2024-12-01,11490.0,0.0899,36.0,CLOSED,365.33
10665.0,465.0,CREDIT_LINE,2025-01-01,10835.0,0.0549,48.0,DEFAULT,251.93
10666.0,130.0,PERSONAL,2025-01-01,16799.0,0.0899,60.0,ACTIVE,348.64
10667.0,182.0,MORTGAGE,2025-01-01,583965.0,0.0699,300.0,ACTIVE,4123.62
10668.0,315.0,PERSONAL,2025-01-01,5624.0,0.1199,48.0,ACTIVE,148.07
10669.0,51.0,MORTGAGE,2025-01-01,214157.0,0.0899,300.0,ACTIVE,1795.73
10670.0,135.0,AUTO,2025-01-01,54972.0,0.1199,60.0,ACTIVE,1222.54
10671.0,88.0,PERSONAL,2025-01-01,9667.0,0.1199,48.0,DEFAULT,254.52
10672.0,463.0,PERSONAL,2025-01-01,28094.0,0.1199,36.0,ACTIVE,932.99
10673.0,467.0,AUTO,2025-01-01,58800.0,0.0899,48.0,ACTIVE,1462.96
10674.0,378.0,AUTO,2025-01-01,29447.0,0.0699,60.0,ACTIVE,582.95
10675.0,124.0,PERSONAL,2025-01-01,4530.0,0.0399,36.0,ACTIVE,133.72
10676.0,309.0,PERSONAL,2025-01-01,13853.0,0.0549,48.0,ACTIVE,322.11
10677.0,332.0,AUTO,2025-01-01,53733.0,0.0699,48.0,ACTIVE,1286.45
10678.0,435.0,PERSONAL,2025-01-01,20585.0,0.0899,36.0,ACTIVE,654.5
10679.0,79.0,MORTGAGE,2025-01-01,234852.0,0.0699,300.0,ACTIVE,1658.39
10680.0,369.0,MORTGAGE,2025-01-01,393338.0,0.0699,300.0,ACTIVE,2777.52
10681.0,98.0,PERSONAL,2025-01-01,14098.0,0.0399,36.0,ACTIVE,416.17
10682.0,285.0,CREDIT_LINE,2025-01-01,3950.0,0.0899,48.0,ACTIVE,98.28
10683.0,440.0,MORTGAGE,2025-02-01,421860.0,0.0699,300.0,ACTIVE,2978.93
10684.0,32.0,MORTGAGE,2025-02-01,283785.0,0.0399,300.0,DEFAULT,1496.36
10685.0,75.0,MORTGAGE,2025-02-01,593965.0,0.0549,300.0,ACTIVE,3643.92
10686.0,407.0,PERSONAL,2025-02-01,18042.0,0.1199,36.0,ACTIVE,599.17
10687.0,10.0,MORTGAGE,2025-02-01,452393.0,0.0399,300.0,ACTIVE,2385.4
10688.0,343.0,AUTO,2025-02-01,25490.0,0.0699,48.0,ACTIVE,610.27
10689.0,251.0,CREDIT_LINE,2025-02-01,16612.0,0.0699,36.0,ACTIVE,512.85
10690.0,174.0,MORTGAGE,2025-02-01,401637.0,0.0399,300.0,ACTIVE,2117.77
10691.0,432.0,AUTO,2025-02-01,35057.0,0.0399,48.0,ACTIVE,791.4
10692.0,425.0,AUTO,2025-02-01,27687.0,0.1199,60.0,ACTIVE,615.74
10693.0,163.0,PERSONAL,2025-02-01,4138.0,0.0699,36.0,ACTIVE,127.75
10694.0,3.0,AUTO,2025-02-01,41915.0,0.0549,60.0,CLOSED,800.43
10695.0,65.0,AUTO,2025-02-01,32415.0,0.0399,36.0,ACTIVE,956.88
10696.0,54.0,MORTGAGE,2025-02-01,207562.0,0.0699,300.0,ACTIVE,1465.68
10697.0,492.0,PERSONAL,2025-02-01,3533.0,0.0899,48.0,ACTIVE,87.9
10698.0,299.0,PERSONAL,2025-02-01,20273.0,0.0899,48.0,ACTIVE,504.4
10699.0,339.0,MORTGAGE,2025-02-01,314105.0,0.0399,300.0,ACTIVE,1656.23
10700.0,116.0,AUTO,2025-02-01,47779.0,0.0899,60.0,ACTIVE,991.58
10701.0,426.0,PERSONAL,2025-03-01,15817.0,0.1199,36.0,ACTIVE,525.28
10702.0,362.0,MORTGAGE,2025-03-01,166731.0,0.0549,300.0,ACTIVE,1022.88
10703.0,377.0,MORTGAGE,2025-03-01,378255.0,0.0399,300.0,DEFAULT,1994.48
10704.0,235.0,AUTO,2025-03-01,17043.0,0.1199,48.0,ACTIVE,448.72
10705.0,350.0,AUTO,2025-03-01,49458.0,0.0699,36.0,ACTIVE,1526.89
10706.0,273.0,MORTGAGE,2025-03-01,491846.0,0.0899,300.0,ACTIVE,4124.19
10707.0,193.0,AUTO,2025-03-01,50641.0,0.0549,60.0,ACTIVE,967.07
10708.0,298.0,MORTGAGE,2025-03-01,516811.0,0.0549,300.0,ACTIVE,3170.59
10709.0,163.0,AUTO,2025-03-01,33076.0,0.0549,60.0,ACTIVE,631.64
10710.0,477.0,PERSONAL,2025-03-01,7879.0,0.0549,36.0,ACTIVE,237.88
10711.0,359.0,AUTO,2025-03-01,47511.0,0.0699,48.0,ACTIVE,1137.49
10712.0,370.0,MORTGAGE,2025-03-01,161801.0,0.0399,300.0,CLOSED,853.15
10713.0,359.0,PERSONAL,2025-03-01,12418.0,0.1199,60.0,CLOSED,276.17
10714.0,225.0,MORTGAGE,2025-03-01,595897.0,0.0699,300.0,CLOSED,4207.88
10715.0,476.0,PERSONAL,2025-03-01,4011.0,0.1199,60.0,ACTIVE,89.2
10716.0,104.0,AUTO,2025-03-01,59652.0,0.0699,36.0,ACTIVE,1841.61
10717.0,285.0,PERSONAL,2025-03-01,8163.0,0.0549,36.0,ACTIVE,246.45
10718.0,35.0,MORTGAGE,2025-03-01,215717.0,0.0699,300.0,DEFAULT,1523.27
10719.0,148.0,MORTGAGE,2025-03-01,538833.0,0.0399,300.0,ACTIVE,2841.18
10720.0,288.0,AUTO,2025-03-01,48565.0,0.1199,48.0,ACTIVE,1278.66
10721.0,245.0,MORTGAGE,2025-03-01,214484.0,0.0899,300.0,ACTIVE,1798.47
10722.0,471.0,MORTGAGE,2025-03-01,408984.0,0.0399,300.0,ACTIVE,2156.51
10723.0,307.0,PERSONAL,2025-04-01,29895.0,0.0699,60.0,CLOSED,591.82
10724.0,206.0,PERSONAL,2025-04-01,26678.0,0.0699,48.0,ACTIVE,638.71
10725.0,214.0,MORTGAGE,2025-04-01,237763.0,0.0549,300.0,ACTIVE,1458.65
10726.0,306.0,PERSONAL,2025-04-01,17196.0,0.0399,60.0,ACTIVE,316.61
10727.0,396.0,PERSONAL,2025-04-01,13846.0,0.0899,36.0,ACTIVE,440.23
10728.0,139.0,PERSONAL,2025-04-01,22156.0,0.0549,60.0,ACTIVE,423.1
10729.0,293.0,PERSONAL,2025-04-01,4259.0,0.0699,36.0,CLOSED,131.49
10730.0,288.0,PERSONAL,2025-04-01,25525.0,0.0549,60.0,ACTIVE,487.44
10731.0,5.0,AUTO,2025-04-01,18906.0,0.0899,60.0,ACTIVE,392.37
10732.0,457.0,PERSONAL,2025-04-01,2207.0,0.0399,48.0,ACTIVE,49.82
10733.0,285.0,CREDIT_LINE,2025-04-01,8656.0,0.0549,36.0,ACTIVE,261.34
10734.0,122.0,MORTGAGE,2025-04-01,491974.0,0.0699,300.0,ACTIVE,3474.03
10735.0,317.0,AUTO,2025-04-01,59895.0,0.0699,36.0,ACTIVE,1849.11
10736.0,339.0,MORTGAGE,2025-05-01,265564.0,0.0899,300.0,CLOSED,2226.79
10737.0,458.0,CREDIT_LINE,2025-05-01,4666.0,0.0399,36.0,ACTIVE,137.74
10738.0,18.0,AUTO,2025-05-01,48416.0,0.0699,48.0,ACTIVE,1159.16
10739.0,207.0,PERSONAL,2025-05-01,14689.0,0.0899,48.0,ACTIVE,365.47
10740.0,91.0,PERSONAL,2025-05-01,22110.0,0.0549,60.0,ACTIVE,422.22
10741.0,288.0,CREDIT_LINE,2025-05-01,11510.0,0.0399,60.0,ACTIVE,211.92
10742.0,251.0,MORTGAGE,2025-05-01,405971.0,0.1199,300.0,CLOSED,4272.79
10743.0,238.0,PERSONAL,2025-05-01,7049.0,0.0899,60.0,ACTIVE,146.29
10744.0,492.0,PERSONAL,2025-05-01,20084.0,0.0899,48.0,DEFAULT,499.7
10745.0,266.0,MORTGAGE,2025-05-01,492678.0,0.0899,300.0,ACTIVE,4131.16
10746.0,206.0,PERSONAL,2025-05-01,9490.0,0.0899,36.0,ACTIVE,301.74
10747.0,34.0,AUTO,2025-05-01,20851.0,0.0899,36.0,ACTIVE,662.96
10748.0,145.0,PERSONAL,2025-05-01,28461.0,0.0699,48.0,ACTIVE,681.4
10749.0,449.0,AUTO,2025-05-01,37554.0,0.0399,36.0,CLOSED,1108.58
10750.0,226.0,MORTGAGE,2025-05-01,483718.0,0.0699,300.0,ACTIVE,3415.73
10751.0,456.0,MORTGAGE,2025-05-01,442226.0,0.0549,300.0,ACTIVE,2713.01
10752.0,267.0,MORTGAGE,2025-05-01,386250.0,0.0899,300.0,ACTIVE,3238.75
10753.0,275.0,MORTGAGE,2025-05-01,567707.0,0.0699,300.0,CLOSED,4008.81
10754.0,215.0,PERSONAL,2025-05-01,17869.0,0.1199,60.0,ACTIVE,397.4
10755.0,279.0,AUTO,2025-06-01,15180.0,0.0699,60.0,ACTIVE,300.51
10756.0,34.0,MORTGAGE,2025-06-01,188543.0,0.0699,300.0,ACTIVE,1331.38
10757.0,29.0,PERSONAL,2025-06-01,15868.0,0.1199,48.0,CLOSED,417.79
10758.0,238.0,PERSONAL,2025-06-01,24328.0,0.0699,60.0,ACTIVE,481.61
10759.0,299.0,AUTO,2025-06-01,26091.0,0.0549,48.0,ACTIVE,606.67
10760.0,276.0,CREDIT_LINE,2025-06-01,13433.0,0.0549,48.0,DEFAULT,312.34
10761.0,215.0,AUTO,2025-06-01,23953.0,0.1199,48.0,ACTIVE,630.66
10762.0,148.0,PERSONAL,2025-06-01,8779.0,0.0899,48.0,ACTIVE,218.42
10763.0,355.0,MORTGAGE,2025-06-01,192909.0,0.0399,300.0,ACTIVE,1017.18
10764.0,303.0,PERSONAL,2025-06-01,10013.0,0.0699,36.0,ACTIVE,309.13
10765.0,24.0,CREDIT_LINE,2025-06-01,9386.0,0.0549,48.0,ACTIVE,218.24
10766.0,227.0,PERSONAL,2025-06-01,29878.0,0.0899,36.0,ACTIVE,949.97
10767.0,356.0,AUTO,2025-06-01,29738.0,0.0399,60.0,ACTIVE,547.54
10768.0,393.0,PERSONAL,2025-06-01,7300.0,0.0899,60.0,ACTIVE,151.5
10769.0,144.0,AUTO,2025-06-01,42676.0,0.0899,48.0,ACTIVE,1061.79
10770.0,463.0,PERSONAL,2025-07-01,17405.0,0.0549,48.0,ACTIVE,404.7
10771.0,326.0,PERSONAL,2025-07-01,3204.0,0.0399,60.0,ACTIVE,58.99
10772.0,219.0,CREDIT_LINE,2025-07-01,13898.0,0.0899,48.0,ACTIVE,345.79
10773.0,314.0,AUTO,2025-07-01,42115.0,0.0549,48.0,ACTIVE,979.25
10774.0,436.0,MORTGAGE,2025-07-01,533587.0,0.1199,300.0,ACTIVE,5615.92
10775.0,114.0,AUTO,2025-07-01,46253.0,0.0899,36.0,ACTIVE,1470.62
10776.0,76.0,MORTGAGE,2025-07-01,264310.0,0.1199,300.0,ACTIVE,2781.82
10777.0,221.0,MORTGAGE,2025-07-01,309660.0,0.0699,300.0,ACTIVE,2186.64
10778.0,42.0,AUTO,2025-07-01,30871.0,0.1199,60.0,DEFAULT,686.55
10779.0,418.0,PERSONAL,2025-07-01,14677.0,0.0399,48.0,ACTIVE,331.33
10780.0,486.0,MORTGAGE,2025-08-01,518060.0,0.0549,300.0,ACTIVE,3178.25
10781.0,303.0,MORTGAGE,2025-08-01,276264.0,0.0399,300.0,ACTIVE,1456.7
10782.0,490.0,MORTGAGE,2025-08-01,183739.0,0.0899,300.0,ACTIVE,1540.67
10783.0,35.0,PERSONAL,2025-08-01,22195.0,0.0699,48.0,ACTIVE,531.38
10784.0,317.0,PERSONAL,2025-08-01,27057.0,0.0549,48.0,ACTIVE,629.13
10785.0,222.0,MORTGAGE,2025-08-01,273410.0,0.0549,300.0,CLOSED,1677.34
10786.0,139.0,MORTGAGE,2025-08-01,392635.0,0.0899,300.0,ACTIVE,3292.29
10787.0,156.0,AUTO,2025-08-01,27488.0,0.0399,36.0,ACTIVE,811.43
10788.0,273.0,MORTGAGE,2025-08-01,165169.0,0.0699,300.0,ACTIVE,1166.33
10789.0,321.0,AUTO,2025-08-01,35291.0,0.0899,48.0,ACTIVE,878.05
10790.0,83.0,AUTO,2025-08-01,21648.0,0.0549,48.0,CLOSED,503.36
10791.0,308.0,CREDIT_LINE,2025-08-01,27266.0,0.0549,60.0,ACTIVE,520.69
10792.0,464.0,MORTGAGE,2025-08-01,234641.0,0.0549,300.0,ACTIVE,1439.5
10793.0,6.0,PERSONAL,2025-08-01,24301.0,0.0699,48.0,ACTIVE,581.8
10794.0,440.0,MORTGAGE,2025-08-01,504734.0,0.0549,300.0,ACTIVE,3096.49
10795.0,304.0,CREDIT_LINE,2025-08-01,28512.0,0.0549,48.0,ACTIVE,662.96
10796.0,172.0,CREDIT_LINE,2025-08-01,14195.0,0.0699,60.0,ACTIVE,281.01
10797.0,368.0,PERSONAL,2025-08-01,20254.0,0.0399,36.0,ACTIVE,597.89
10798.0,309.0,AUTO,2025-08-01,24330.0,0.0699,60.0,ACTIVE,481.65
10799.0,385.0,MORTGAGE,2025-08-01,237676.0,0.0399,300.0,ACTIVE,1253.23
10800.0,999.0,PERSONAL,2025-08-01,18850.0,0.0399,60.0,ACTIVE,347.07
