table_id,library,row_count
ctrl.client_segments,ctrl,5
ctrl.macro_parameters,ctrl,3
ctrl.reporting_periods,ctrl,12
out.card_summary,out,
out.customer_risk,out,
out.customers_clean,out,
out.delinquency,out,
out.exec_forecast,out,
out.exec_report,out,
out.fc,out,
out.fc_est,out,
out.fraud_freq,out,
out.loan_enriched,out,
out.loan_status,out,
out.monthly_repay,out,
out.period_summary_&pid,out,
out.period_summary_202509,out,
out.period_summary_202510,out,
out.period_summary_202511,out,
out.period_summary_202512,out,
out.portfolio_by_segment,out,
out.portfolio_report,out,
out.reg_est,out,
stg.card_transactions,stg,5000
stg.customers,stg,500
stg.loan_payments,stg,21412
stg.loans,stg,800
