month,sas_forecast,python_forecast,is_future,abs_diff
2022-01-01,22595.778846153764,22595.778846153837,0,7.275957614183426e-11
2022-02-01,44475.18342657339,44475.18342657339,0,0.0
2022-03-01,63926.117020979014,63926.11702097897,0,4.365574568510055e-11
2022-04-01,87132.19144055944,87132.1914405594,0,4.365574568510055e-11
2022-05-01,108001.75381146854,108001.75381146852,0,2.9103830456733704e-11
2022-06-01,126410.70077639163,126410.7007763916,0,2.9103830456733704e-11
2022-07-01,152330.4948028867,152330.4948028867,0,0.0
2022-08-01,171881.3471877281,171881.34718772807,0,2.9103830456733704e-11
2022-09-01,193092.83362651747,193092.83362651744,0,2.9103830456733704e-11
2022-10-01,210407.027202282,210407.027202282,0,0.0
2022-11-01,227198.73080267996,227198.73080267996,0,0.0
2022-12-01,255890.72707482748,255890.72707482745,0,2.9103830456733704e-11
2023-01-01,277539.1632060087,277539.16320600867,0,5.820766091346741e-11
2023-02-01,303381.3606017245,303381.3606017244,0,5.820766091346741e-11
2023-03-01,320627.67571091355,320627.6757109135,0,5.820766091346741e-11
2023-04-01,336151.63635235804,336151.636352358,0,5.820766091346741e-11
2023-05-01,362771.4749087881,362771.47490878816,0,5.820766091346741e-11
2023-06-01,393941.7325885518,393941.73258855194,0,1.1641532182693479e-10
2023-07-01,406547.7458000585,406547.74580005853,0,5.820766091346741e-11
2023-08-01,430844.4008234204,430844.4008234205,0,5.820766091346741e-11
2023-09-01,459839.0492054352,459839.0492054352,0,0.0
2023-10-01,478917.2022017073,478917.2022017074,0,1.1641532182693479e-10
2023-11-01,501623.09003125306,501623.0900312531,0,5.820766091346741e-11
2023-12-01,523610.1570409123,523610.1570409124,0,1.1641532182693479e-10
2024-01-01,547866.5064454576,547866.5064454577,0,1.1641532182693479e-10
2024-02-01,561933.1050065482,561933.1050065483,0,1.1641532182693479e-10
2024-03-01,572752.1974853842,572752.1974853843,0,1.1641532182693479e-10
2024-04-01,592887.450772424,592887.450772424,0,0.0
2024-05-01,624757.030845232,624757.0308452321,0,1.1641532182693479e-10
2024-06-01,649441.36525802,649441.3652580199,0,1.1641532182693479e-10
2024-07-01,672516.2738718836,672516.2738718835,0,1.1641532182693479e-10
2024-08-01,689175.3936298811,689175.3936298811,0,0.0
2024-09-01,709642.5021298041,709642.5021298038,0,3.4924596548080444e-10
2024-10-01,723879.8750845627,723879.8750845625,0,2.3283064365386963e-10
2024-11-01,731956.8371722259,731956.8371722259,0,0.0
2024-12-01,757854.3202214411,757854.3202214411,0,0.0
2025-01-01,770222.8397640812,770222.839764081,0,1.1641532182693479e-10
2025-02-01,782195.7050808073,782195.7050808073,0,0.0
2025-03-01,810624.7442802796,810624.7442802798,0,2.3283064365386963e-10
2025-04-01,841707.9387967307,841707.938796731,0,2.3283064365386963e-10
2025-05-01,853439.3817353903,853439.3817353905,0,2.3283064365386963e-10
2025-06-01,871225.9779467166,871225.9779467167,0,1.1641532182693479e-10
2025-07-01,897730.8484040967,897730.8484040968,0,1.1641532182693479e-10
2025-08-01,908921.1807606564,908921.1807606564,0,0.0
2025-09-01,933321.1162384278,933321.1162384278,0,0.0
2025-10-01,937493.9938946648,937493.9938946648,0,0.0
2025-11-01,936689.8874388696,936689.8874388698,0,2.3283064365386963e-10
2025-12-01,936437.6458096056,936437.6458096058,0,1.1641532182693479e-10
2026-01-01,935505.2577344928,935505.2577344928,1,1.1641532182693479e-10
2026-02-01,948666.569350838,948666.5693508382,1,1.1641532182693479e-10
2026-03-01,961827.8809671836,961827.8809671836,1,0.0
2026-04-01,974989.1925835288,974989.1925835288,1,0.0
2026-05-01,988150.5041998744,988150.5041998744,1,0.0
2026-06-01,1001311.8158162198,1001311.8158162195,1,1.1641532182693479e-10
2026-07-01,1014473.1274325652,1014473.1274325652,1,1.1641532182693479e-10
2026-08-01,1027634.4390489106,1027634.4390489104,1,1.1641532182693479e-10
2026-09-01,1040795.750665256,1040795.750665256,1,1.1641532182693479e-10
2026-10-01,1053957.0622816016,1053957.0622816014,1,2.3283064365386963e-10
2026-11-01,1067118.373897947,1067118.373897947,1,2.3283064365386963e-10
2026-12-01,1080279.6855142922,1080279.6855142922,1,0.0
