program_id,method,run,attempt,post_checks_ok,execution_ok,validation_ok,n_checks,n_failed_checks,error,model,latency_s,input_tokens,output_tokens,cost_usd,prompt_version,timestamp
01_customer_clean,llm_local,1,1,1,1,1,41,0,,qwen2.5-coder:14b,54.76,1078,244,0.0,v1,2026-09-28T04:10:53+00:00
02_loan_enrichment,llm_local,1,1,1,1,1,59,0,,qwen2.5-coder:14b,37.79,929,253,0.0,v1,2026-09-28T04:11:40+00:00
03_risk_format,llm_local,1,1,1,0,0,0,0,"return_value = get_return_value(                    ^^^^^^^^^^^^^^^^^   File ""<repo>/.venv/lib/python3.12/site-packages/pyspark/errors/exceptions/captured.py"", line 257, in deco     raise converted from None pyspark.errors.exceptions.captured.AnalysisException: [PATH_NOT_FOUND] Path does not exist: file:<repo>/data/parquet/py_out/llm_local/run1/customers_clean.parquet. SQLSTATE: 42K03 ",qwen2.5-coder:14b,31.32,944,190,0.0,v1,2026-09-28T04:12:18+00:00
03_risk_format,llm_local,1,2,1,0,0,0,0,"return_value = get_return_value(                    ^^^^^^^^^^^^^^^^^   File ""<repo>/.venv/lib/python3.12/site-packages/pyspark/errors/exceptions/captured.py"", line 257, in deco     raise converted from None pyspark.errors.exceptions.captured.AnalysisException: [PATH_NOT_FOUND] Path does not exist: file:<repo>/data/parquet/py_out/llm_local/run1/customers_clean.parquet. SQLSTATE: 42K03 ",qwen2.5-coder:14b,53.11,1696,190,0.0,v1,2026-09-28T04:13:16+00:00
04_payment_delinquency,llm_local,1,1,1,0,0,0,0,"_paid#5, interest_paid#6, days_past_due#7, coalesce(payment_amount#4, cast(0 as double)) AS _w0#12]                               +- Deduplicate [interest_paid#6, principal_paid#5, days_past_due#7, payment_date#3, payment_amount#4, loan_id#2]                                  +- Sort [loan_id#2 ASC NULLS FIRST, payment_date#3 ASC NULLS FIRST], true                                     +- Relation [loan_id#2,payment_date#3,payment_amount#4,principal_paid#5,interest_paid#6,days_past_due#7] parquet  ",qwen2.5-coder:14b,108.53,1800,430,0.0,v1,2026-09-28T04:15:13+00:00
04_payment_delinquency,llm_local,1,2,1,1,1,48,0,,qwen2.5-coder:14b,132.83,2821,461,0.0,v1,2026-09-28T04:17:38+00:00
05_card_fraud_summary,llm_local,1,1,1,1,1,37,0,,qwen2.5-coder:14b,49.01,899,243,0.0,v1,2026-09-28T04:18:35+00:00
06_macro_library,llm_local,1,1,1,1,1,0,0,,qwen2.5-coder:14b,41.34,987,183,0.0,v1,2026-09-28T04:19:22+00:00
07_portfolio_report,llm_local,1,1,0,0,0,0,0,"does not compile:   File ""<repo>/converted/llm_local/run1/p07_portfolio_report.py"", line 16     summarize(ds=""data/parquet/py_out/llm_local/run1/loan_enriched"", class=""segment_name"", var=""principal"", out=""data/parquet/py_out/llm_local/run1/portfolio_by_segment"")",qwen2.5-coder:14b,636.89,1161,254,0.0,v1,2026-09-28T04:29:59+00:00
07_portfolio_report,llm_local,1,2,0,0,0,0,0,"does not compile:   File ""<repo>/converted/llm_local/run1/p07_portfolio_report.py"", line 16     summarize(ds=""data/parquet/py_out/llm_local/run1/loan_enriched"", class=""segment_name"", var=""principal"", out=""data/parquet/py_out/llm_local/run1/portfolio_by_segment"")",qwen2.5-coder:14b,2154.44,1489,254,0.0,v1,2026-09-28T05:05:53+00:00
08_period_driver,llm_local,1,1,1,0,0,0,0,"    return_value = get_return_value(                    ^^^^^^^^^^^^^^^^^   File ""<repo>/.venv/lib/python3.12/site-packages/pyspark/errors/exceptions/captured.py"", line 257, in deco     raise converted from None pyspark.errors.exceptions.captured.AnalysisException: [PATH_NOT_FOUND] Path does not exist: file:<repo>/data/parquet/py_out/llm_local/run1/delinquency.parquet. SQLSTATE: 42K03 ",qwen2.5-coder:14b,4504.94,1562,257,0.0,v1,2026-09-28T06:36:48+00:00
08_period_driver,llm_local,1,2,1,0,0,0,0,""", line 1362, in __call__     return_value = get_return_value(                    ^^^^^^^^^^^^^^^^^   File ""<repo>/.venv/lib/python3.12/site-packages/pyspark/errors/exceptions/captured.py"", line 257, in deco     raise converted from None pyspark.errors.exceptions.captured.AnalysisException: [PATH_NOT_FOUND] Path does not exist: file:<repo>/data/parquet/out/delinquency. SQLSTATE: 42K03 ",qwen2.5-coder:14b,6368.0,2389,241,0.0,v1,2026-09-28T08:39:20+00:00
09_payment_model,llm_local,1,1,1,0,0,0,0,"  return_value = get_return_value(                    ^^^^^^^^^^^^^^^^^   File ""<repo>/.venv/lib/python3.12/site-packages/pyspark/errors/exceptions/captured.py"", line 257, in deco     raise converted from None pyspark.errors.exceptions.captured.AnalysisException: [PATH_NOT_FOUND] Path does not exist: file:<repo>/data/parquet/py_out/llm_local/run1/loan_enriched.parquet. SQLSTATE: 42K03 ",qwen2.5-coder:14b,4642.02,736,350,0.0,v1,2026-09-28T09:57:52+00:00
09_payment_model,llm_local,1,2,1,0,0,0,0,"  return_value = get_return_value(                    ^^^^^^^^^^^^^^^^^   File ""<repo>/.venv/lib/python3.12/site-packages/pyspark/errors/exceptions/captured.py"", line 257, in deco     raise converted from None pyspark.errors.exceptions.captured.AnalysisException: [PATH_NOT_FOUND] Path does not exist: file:<repo>/data/parquet/py_out/llm_local/run1/loan_enriched.parquet. SQLSTATE: 42K03 ",qwen2.5-coder:14b,58.94,1654,350,0.0,v1,2026-09-28T09:59:01+00:00
10_repayment_forecast,llm_local,1,1,1,0,0,0,0,"^^^^^^   File ""<repo>/.venv/lib/python3.12/site-packages/pyspark/sql/session.py"", line 1099, in <genexpr>     _infer_schema(   File ""<repo>/.venv/lib/python3.12/site-packages/pyspark/sql/types.py"", line 2856, in _infer_schema     raise PySparkTypeError( pyspark.errors.exceptions.base.PySparkTypeError: [CANNOT_INFER_TYPE_FOR_FIELD] Unable to infer the type of the field `total_payment`. ",qwen2.5-coder:14b,90.92,1400,650,0.0,v1,2026-09-28T10:00:42+00:00
10_repayment_forecast,llm_local,1,2,1,0,0,0,0,"       ^^^^^^^   File ""<repo>/.venv/lib/python3.12/site-packages/pyspark/sql/session.py"", line 1099, in <genexpr>     _infer_schema(   File ""<repo>/.venv/lib/python3.12/site-packages/pyspark/sql/types.py"", line 2856, in _infer_schema     raise PySparkTypeError( pyspark.errors.exceptions.base.PySparkTypeError: [CANNOT_INFER_TYPE_FOR_FIELD] Unable to infer the type of the field `month`. ",qwen2.5-coder:14b,167.52,2630,661,0.0,v1,2026-09-28T10:03:37+00:00
11_executive_report,llm_local,1,1,1,0,0,0,0,"362, in __call__     return_value = get_return_value(                    ^^^^^^^^^^^^^^^^^   File ""<repo>/.venv/lib/python3.12/site-packages/pyspark/errors/exceptions/captured.py"", line 257, in deco     raise converted from None pyspark.errors.exceptions.captured.AnalysisException: [PATH_NOT_FOUND] Path does not exist: file:<repo>/data/parquet/py_out/llm_local/run1/fc. SQLSTATE: 42K03 ",qwen2.5-coder:14b,106.63,1261,505,0.0,v1,2026-09-28T10:05:33+00:00
11_executive_report,llm_local,1,2,1,0,0,0,0,"362, in __call__     return_value = get_return_value(                    ^^^^^^^^^^^^^^^^^   File ""<repo>/.venv/lib/python3.12/site-packages/pyspark/errors/exceptions/captured.py"", line 257, in deco     raise converted from None pyspark.errors.exceptions.captured.AnalysisException: [PATH_NOT_FOUND] Path does not exist: file:<repo>/data/parquet/py_out/llm_local/run1/fc. SQLSTATE: 42K03 ",qwen2.5-coder:14b,123.49,2332,505,0.0,v1,2026-09-28T10:07:44+00:00
