program_id,lakebridge_sas run1,lakebridge_sas_custom run1,lakebridge_sas_generic run1,lakebridge_sas_generic_params run1,lakebridge_unknown_etl run1,llm_local run1,llm_remote run1,rule_based run1
01_customer_clean,MANUAL_REVIEW,VALIDATED,MANUAL_REVIEW,MANUAL_REVIEW,MANUAL_REVIEW,VALIDATED,VALIDATED,VALIDATED
02_loan_enrichment,MANUAL_REVIEW,VALIDATED,MANUAL_REVIEW,MANUAL_REVIEW,MANUAL_REVIEW,VALIDATED,VALIDATED,VALIDATED
03_risk_format,MANUAL_REVIEW,VALIDATED,MANUAL_REVIEW,MANUAL_REVIEW,MANUAL_REVIEW,MANUAL_REVIEW,VALIDATED,VALIDATED
04_payment_delinquency,MANUAL_REVIEW,MANUAL_REVIEW,MANUAL_REVIEW,MANUAL_REVIEW,MANUAL_REVIEW,VALIDATED,VALIDATED,NOT_SUPPORTED
05_card_fraud_summary,MANUAL_REVIEW,VALIDATED,MANUAL_REVIEW,MANUAL_REVIEW,MANUAL_REVIEW,VALIDATED,VALIDATED,VALIDATED
06_macro_library,MANUAL_REVIEW,MANUAL_REVIEW,MANUAL_REVIEW,MANUAL_REVIEW,MANUAL_REVIEW,MANUAL_REVIEW,VALIDATED,NOT_SUPPORTED
07_portfolio_report,MANUAL_REVIEW,MANUAL_REVIEW,MANUAL_REVIEW,MANUAL_REVIEW,MANUAL_REVIEW,MANUAL_REVIEW,VALIDATED,NOT_SUPPORTED
08_period_driver,MANUAL_REVIEW,MANUAL_REVIEW,MANUAL_REVIEW,MANUAL_REVIEW,MANUAL_REVIEW,MANUAL_REVIEW,VALIDATED,NOT_SUPPORTED
09_payment_model,MANUAL_REVIEW,VALIDATED,MANUAL_REVIEW,MANUAL_REVIEW,MANUAL_REVIEW,MANUAL_REVIEW,VALIDATED,NOT_SUPPORTED
10_repayment_forecast,MANUAL_REVIEW,MANUAL_REVIEW,MANUAL_REVIEW,MANUAL_REVIEW,MANUAL_REVIEW,MANUAL_REVIEW,VALIDATED,NOT_SUPPORTED
11_executive_report,MANUAL_REVIEW,MANUAL_REVIEW,MANUAL_REVIEW,MANUAL_REVIEW,MANUAL_REVIEW,MANUAL_REVIEW,VALIDATED,NOT_SUPPORTED
