node_id,node_type,node_name,library
card_transactions.csv,FILE,card_transactions.csv,
ctrl_client_segments.csv,FILE,ctrl_client_segments.csv,
ctrl_macro_parameters.csv,FILE,ctrl_macro_parameters.csv,
ctrl_reporting_periods.csv,FILE,ctrl_reporting_periods.csv,
customers.csv,FILE,customers.csv,
loan_payments.csv,FILE,loan_payments.csv,
loans.csv,FILE,loans.csv,
ctrl,LIBRARY,ctrl,
out,LIBRARY,out,
stg,LIBRARY,stg,
flag_high,MACRO,flag_high,
period_driver,MACRO,period_driver,
run_period,MACRO,run_period,
summarize,MACRO,summarize,
00_load_raw,PROGRAM,00_load_raw,
01_customer_clean,PROGRAM,01_customer_clean,
02_loan_enrichment,PROGRAM,02_loan_enrichment,
03_risk_format,PROGRAM,03_risk_format,
04_payment_delinquency,PROGRAM,04_payment_delinquency,
05_card_fraud_summary,PROGRAM,05_card_fraud_summary,
06_macro_library,PROGRAM,06_macro_library,
07_portfolio_report,PROGRAM,07_portfolio_report,
08_period_driver,PROGRAM,08_period_driver,
09_payment_model,PROGRAM,09_payment_model,
10_repayment_forecast,PROGRAM,10_repayment_forecast,
11_executive_report,PROGRAM,11_executive_report,
ctrl.client_segments,TABLE,ctrl.client_segments,ctrl
ctrl.macro_parameters,TABLE,ctrl.macro_parameters,ctrl
ctrl.reporting_periods,TABLE,ctrl.reporting_periods,ctrl
out.card_summary,TABLE,out.card_summary,out
out.customer_risk,TABLE,out.customer_risk,out
out.customers_clean,TABLE,out.customers_clean,out
out.delinquency,TABLE,out.delinquency,out
out.exec_forecast,TABLE,out.exec_forecast,out
out.exec_report,TABLE,out.exec_report,out
out.fc,TABLE,out.fc,out
out.fc_est,TABLE,out.fc_est,out
out.fraud_freq,TABLE,out.fraud_freq,out
out.loan_enriched,TABLE,out.loan_enriched,out
out.loan_status,TABLE,out.loan_status,out
out.monthly_repay,TABLE,out.monthly_repay,out
out.period_summary_&pid,TABLE,out.period_summary_&pid,out
out.period_summary_202509,TABLE,out.period_summary_202509,out
out.period_summary_202510,TABLE,out.period_summary_202510,out
out.period_summary_202511,TABLE,out.period_summary_202511,out
out.period_summary_202512,TABLE,out.period_summary_202512,out
out.portfolio_by_segment,TABLE,out.portfolio_by_segment,out
out.portfolio_report,TABLE,out.portfolio_report,out
out.reg_est,TABLE,out.reg_est,out
stg.card_transactions,TABLE,stg.card_transactions,stg
stg.customers,TABLE,stg.customers,stg
stg.loan_payments,TABLE,stg.loan_payments,stg
stg.loans,TABLE,stg.loans,stg
