program_id,business_category,technical_category,complexity,complexity_reason,business_description,technical_description,provider,model,prompt_version,analyzer_version,script_sha256,latency_s,timestamp
00_load_raw,Customer Management,Data Preparation,Simple,"The program is straightforward, with a single data step for each input file, and no complex logic or dependencies.","This program loads raw CSV data into SAS tables for customer management, including customer details, loans, loan payments, and card transactions. It ensures data integrity by explicitly defining column types and lengths.","The program reads seven CSV files from the raw directory, using DATA steps to load and format the data into SAS tables. It sets explicit lengths for columns, particularly for customer names, and checks for data quality by calculating the maximum length of customer names and the number of missing incomes.",ollama,qwen2.5-coder:14b,v1,1.1,9acd1f6bcee1159bd9ffb881be62e4fe272dae0663f9a6c32125b85c7e8e61d2,35.27,2026-09-28T02:34:01+00:00
01_customer_clean,Customer Management,Data Preparation,Simple,"The program is straightforward with a single data step, no macros, and minimal logic.","This program cleans and categorizes customer data by income level, which is essential for targeted marketing and risk assessment.","The program reads customer data from the staging library, cleans and transforms it, and writes the cleaned data to the output library with an income band classification.",ollama,qwen2.5-coder:14b,v1,1.1,4044393261294b08d72320b0154203a117e76b1d9ceffbfa5625aabd19f3b099,12.78,2026-09-28T02:34:14+00:00
02_loan_enrichment,Lending,Transformation,Simple,"The program involves a straightforward SQL join operation without complex logic, macros, or includes.","This program enriches loan data by adding customer and segment details, which helps in better understanding and managing the loan portfolio.","The program reads loan data from 'stg.loans', customer data from 'out.customers_clean', and segment data from 'ctrl.client_segments'. It performs an inner join on customer ID and a left join on segment code to create 'out.loan_enriched' with additional customer and segment information.",ollama,qwen2.5-coder:14b,v1,1.1,59325d505db89178d0ecf656051d7f5ee47fe6a44bbedbd3051880bae860a308,26.63,2026-09-28T02:34:41+00:00
03_risk_format,Risk,Transformation,Simple,"The program is straightforward, involving a single PROC FORMAT and a DATA step. It does not use complex features like macros, includes, or dynamic table generation.","This program classifies customers into income bands (LOW, MID, HIGH, UNKNOWN) based on their annual income. This categorization helps in assessing the risk associated with each customer, aiding in lending decisions.","The program reads from 'out.customers_clean', defines income bands using PROC FORMAT, and applies these bands to each customer's income in a DATA step. It outputs 'out.customer_risk' with the income band information.",ollama,qwen2.5-coder:14b,v1,1.1,0dba7b596eef9f8a3bad8c705ba18399079a596923d88b15a71774bd3f71c081,35.13,2026-09-28T02:35:16+00:00
04_payment_delinquency,Risk,Transformation,Moderate,"The program involves sorting, data transformation, and conditional logic based on data-driven thresholds, which adds complexity.","This program identifies late payments and summarizes each loan's repayment history, helping the bank assess and manage credit risk.","Reads loan payments and parameters, sorts payments, calculates cumulative payments and maximum days past due, flags delinquent payments, and writes detailed and summary outputs.",ollama,qwen2.5-coder:14b,v1,1.1,71c99fb106b4abdfc89ac52fd34e578fe5f6f88da69a5d7e7609f825bf984074,45.54,2026-09-28T02:36:01+00:00
05_card_fraud_summary,Risk,Aggregation,Simple,"The program uses basic SAS procedures (MEANS and FREQ) without complex logic, macros, or includes. It processes a single input table and generates two output tables.","This program generates a summary of card transactions by merchant category, including the number of transactions, total amount, and average amount. It also calculates the frequency of transactions per merchant category and fraud flag, which helps in identifying potential fraud patterns.","The program reads from the 'stg.card_transactions' table. It uses PROC MEANS to aggregate transaction data by merchant category, producing 'out.card_summary' with counts and averages. PROC FREQ is used to count transactions by merchant category and fraud flag, outputting 'out.fraud_freq'.",ollama,qwen2.5-coder:14b,v1,1.1,7e5eaa9bd9a68e692939b7d9654242d19f8630009b5eb76abc786b67cffdf55a,49.22,2026-09-28T02:36:51+00:00
06_macro_library,Reporting,Utility,Simple,The program defines two macros that perform basic data operations without complex logic or dependencies.,"This program defines shared macros used by other programs to summarize data and flag high values, aiding in reporting and analysis.","The program defines two macros: %summarize for calculating counts, totals, and averages, and %flag_high for adding a flag when a variable exceeds a threshold. It does not perform any data operations itself but is used by other programs.",ollama,qwen2.5-coder:14b,v1,1.1,933d84b39c8aa62c8b8291461ef3e8fcb595033692664dd896560757eada7978,35.58,2026-09-28T02:37:26+00:00
07_portfolio_report,Reporting,Aggregation,Simple,"The program is straightforward, involving basic SQL operations, macro calls, and data aggregation. It does not include complex logic, nested loops, or dynamic data handling.","Generates a report summarizing loan portfolio totals per customer segment, with a flag indicating segments with high principal amounts.",Reads data from 'out.loan_enriched' and 'ctrl.macro_parameters'. Uses SQL to fetch a threshold value. Calls macros to aggregate loan principal by segment and flag high-value segments. Outputs results to 'out.portfolio_by_segment' and 'out.portfolio_report'.,ollama,qwen2.5-coder:14b,v1,1.1,0ec39d382e58d9d53e453e56c7a8040b0f16a4cd155a7374e6310b7d447a1941,47.65,2026-09-28T02:38:14+00:00
08_period_driver,Reporting,Aggregation,Moderate,"The program uses nested macros and a loop driven by data, which adds complexity. However, the logic is well-structured and the dependencies are clear.","This program generates monthly summaries of payment data for active reporting periods, helping the bank track payment performance over time.","The program reads data from 'out.delinquency' and 'ctrl.reporting_periods', processes it to filter payments by active periods, and aggregates payment amounts into summaries for each period. It outputs multiple tables named 'out.period_summary_<month>' for each active period.",ollama,qwen2.5-coder:14b,v1,1.1,a75fd7359922deea945c9d7ff36263656542d7cd63b375dc7077d2b2a2685ae9,49.84,2026-09-28T02:39:04+00:00
09_payment_model,Lending,Statistical Modeling,Simple,"The program is straightforward, involving a single PROC REG operation without complex logic, macros, or includes.","This program performs a linear regression analysis to model the monthly payment based on loan principal, interest rate, and term. It is used to understand the relationship between these factors and the payment amount, aiding in loan pricing and risk assessment.","The program reads enriched loan data from 'out.loan_enriched', performs a linear regression to model 'monthly_payment' using 'principal', 'interest_rate', and 'term_months', and writes the regression coefficients and root mean squared error to 'out.reg_est'.",ollama,qwen2.5-coder:14b,v1,1.1,ee32244db91eb08641f78d8b7fe9a589eb7e628899360e69a1463f362d9d4360,44.37,2026-09-28T02:39:48+00:00
10_repayment_forecast,Lending,Forecasting,Simple,The program uses a straightforward approach with two main procedures (SQL and FORECAST) and does not involve complex logic or dependencies.,This program calculates total repayments per month for a period of 48 months (2022-2025) and forecasts an additional 12 months using double exponential smoothing. It is essential for the bank to understand future repayment trends and plan accordingly.,"The program reads monthly loan payments from the 'stg.loan_payments' table, aggregates them using PROC SQL, and then forecasts future payments using PROC FORECAST with specific parameters. The outputs include actuals, fitted values, forecasts, and internal estimation values.",ollama,qwen2.5-coder:14b,v1,1.1,ed0bae91a94df1ef40a5d45c3d287ce657cb9ecb396a1e87b66a7acc6c28ba88,49.58,2026-09-28T02:40:38+00:00
11_executive_report,Reporting,Aggregation,Simple,"The program involves straightforward SQL operations without complex logic, macros, or includes.","This program generates a one-page summary report per loan segment, including the count of loans, the number of delinquent loans, and the total principal. It also creates a repayment forecast for the next 12 months.","The program reads data from multiple tables, performs SQL joins and aggregations, and writes the results to two output tables. It uses a parameter from a control table to set a threshold for delinquent loans.",ollama,qwen2.5-coder:14b,v1,1.1,60285e1c37277a764bc41841f790a505fb4b38dd546912949b477e45b5744b62,48.75,2026-09-28T02:41:27+00:00
