field,method_a,method_b,agreement_pct,cohen_kappa
business_category,rules_v1.1,rules_v2,75.0,0.664
business_category,rules_v1.1,llm_claude_opus_5,58.3,0.487
business_category,rules_v1.1,llm_qwen2.5_coder_14b,33.3,0.193
business_category,rules_v2,llm_claude_opus_5,50.0,0.41
business_category,rules_v2,llm_qwen2.5_coder_14b,25.0,0.129
business_category,llm_claude_opus_5,llm_qwen2.5_coder_14b,58.3,0.492
technical_category,rules_v1.1,rules_v2,100.0,1.0
technical_category,rules_v1.1,llm_claude_opus_5,75.0,0.712
technical_category,rules_v1.1,llm_qwen2.5_coder_14b,75.0,0.71
technical_category,rules_v2,llm_claude_opus_5,75.0,0.712
technical_category,rules_v2,llm_qwen2.5_coder_14b,75.0,0.71
technical_category,llm_claude_opus_5,llm_qwen2.5_coder_14b,83.3,0.795
complexity,rules_v1.1,rules_v2,83.3,0.692
complexity,rules_v1.1,llm_claude_opus_5,75.0,0.5
complexity,rules_v1.1,llm_qwen2.5_coder_14b,66.7,0.2
complexity,rules_v2,llm_claude_opus_5,75.0,0.544
complexity,rules_v2,llm_qwen2.5_coder_14b,58.3,0.143
complexity,llm_claude_opus_5,llm_qwen2.5_coder_14b,75.0,0.379
