program_id,business_category,business_confidence,technical_category,complexity,complexity_score,reason,rules_version
00_load_raw,Platform,HIGH,Data Preparation,Simple,3.0,technical: True; business: raw-file ingestion (INFILE or PROC IMPORT); complexity drivers: lines 3,2.0
01_customer_clean,Customer Management,HIGH,Data Preparation,Simple,1.6,"technical: True; business: Customer Management 5.5, Lending 0, Payments 0; complexity drivers: n_upstream_programs 1, lines 0.6",2.0
02_loan_enrichment,Customer Management,MEDIUM,Transformation,Simple,4.55,"technical: n_joins >= 1 or has_retain or has_first_last or has_format or has_hash or has_array or uses('reshaping'); business: Customer Management 5.5, Lending 4.5, Risk 0.25; complexity drivers: n_joins 2, n_upstream_programs 2, lines 0.55",2.0
03_risk_format,Customer Management,MEDIUM,Transformation,Simple,3.65,"technical: n_joins >= 1 or has_retain or has_first_last or has_format or has_hash or has_array or uses('reshaping'); business: Customer Management 4.5, Risk 3.25, Lending 0; complexity drivers: has_format 2, n_upstream_programs 1, lines 0.65",2.0
04_payment_delinquency,Lending,HIGH,Transformation,Complex,11.35,"technical: n_joins >= 1 or has_retain or has_first_last or has_format or has_hash or has_array or uses('reshaping'); business: Lending 13.75, Payments 0, Customer Management 0; complexity drivers: retain_or_first_last 6, n_into 3, lines 1.35",2.0
05_card_fraud_summary,Payments,HIGH,Aggregation,Simple,1.5,"technical: uses('aggregation') or has_group_by; business: Payments 10.5, Lending 0, Customer Management 0; complexity drivers: n_upstream_programs 1, lines 0.5",2.0
06_macro_library,Platform,HIGH,Utility,Simple,4.65,"technical: n_macros_defined >= 1 and n_outputs == 0; business: macro-only program; complexity drivers: n_macros_defined 4, lines 0.65",2.0
07_portfolio_report,Customer Management,MEDIUM,Reporting,Complex,10.5,"technical: name_matches(r'report|rpt|dashboard') (naming convention); business: Customer Management 3.75, Reporting 3.25, Lending 2.25; complexity drivers: max_macro_nesting 3, n_into 3, n_includes 2",2.0
08_period_driver,Other,LOW,Orchestration,Complex,23.4,"technical: has_call_execute or (n_do_loops >= 1 and (n_into >= 1 or has_symput)); business: weak evidence (Lending 1.75, Reporting 1.25, Payments 0); complexity drivers: max_macro_nesting 9, n_macros_defined 4, n_into 3",2.0
09_payment_model,Lending,HIGH,Statistical Modeling,Simple,3.25,"technical: uses('modeling'); business: Lending 2, Payments 0, Customer Management 0; complexity drivers: modeling 2, n_upstream_programs 1, lines 0.25",2.0
10_repayment_forecast,Lending,HIGH,Forecasting,Moderate,5.8,"technical: uses('forecasting'); business: Lending 7, Payments 0, Customer Management 0; complexity drivers: forecasting 4, n_upstream_programs 1, lines 0.8",2.0
11_executive_report,Lending,HIGH,Reporting,Moderate,9.1,"technical: name_matches(r'report|rpt|dashboard') (naming convention); business: Lending 7.25, Reporting 3.25, Customer Management 0.5; complexity drivers: n_upstream_programs 4, n_into 3, lines 1.1",2.0
